event_id,vehicle_id,timestamp,scene_type,weather,road_type,ego_speed,brake_acc,steering_angle,takeover,aeb_triggered,lane_confidence,object_type,object_confidence,ttc,lateral_offset,perception_status,planning_status,log_text
EVT_0001,VH_002,2026-01-01T08:07:00,城市路口两轮车疑似误刹,晴,城市路口,18.00,-5.47,-4.41,true,true,0.734,two_wheeler,0.463,1.02,-0.040,两轮车目标置信度波动,保守制动,城市路口两轮车横向切入后目标置信度波动，系统出现疑似误刹。
EVT_0002,VH_003,2026-01-01T08:14:00,城市路口两轮车疑似误刹,晴,城市路口,26.33,-4.36,1.14,false,false,0.814,two_wheeler,0.567,1.58,0.084,两轮车目标置信度波动,保守制动,城市路口两轮车横向切入后目标置信度波动，系统出现疑似误刹。
EVT_0003,VH_004,2026-01-01T08:21:00,城市路口两轮车疑似误刹,晴,城市路口,34.65,-3.25,6.69,false,true,0.894,two_wheeler,0.671,2.13,-0.158,两轮车目标置信度波动,保守制动,城市路口两轮车横向切入后目标置信度波动，系统出现疑似误刹。
EVT_0004,VH_005,2026-01-01T08:28:00,城市路口两轮车疑似误刹,晴,城市路口,18.49,-5.41,-4.08,false,false,0.739,two_wheeler,0.469,1.06,-0.033,两轮车目标置信度波动,保守制动,城市路口两轮车横向切入后目标置信度波动，系统出现疑似误刹。
EVT_0005,VH_006,2026-01-01T08:35:00,城市路口两轮车疑似误刹,晴,城市路口,26.82,-4.30,1.47,false,true,0.819,two_wheeler,0.573,1.61,0.092,两轮车目标置信度波动,保守制动,城市路口两轮车横向切入后目标置信度波动，系统出现疑似误刹。
EVT_0006,VH_007,2026-01-01T08:42:00,城市路口两轮车疑似误刹,晴,城市路口,35.14,-3.19,7.02,false,false,0.898,two_wheeler,0.677,2.17,-0.151,两轮车目标置信度波动,保守制动,城市路口两轮车横向切入后目标置信度波动，系统出现疑似误刹。
EVT_0007,VH_008,2026-01-01T08:49:00,城市路口两轮车疑似误刹,晴,城市路口,18.98,-5.34,-3.76,true,true,0.743,two_wheeler,0.475,1.09,-0.026,两轮车目标置信度波动,保守制动,城市路口两轮车横向切入后目标置信度波动，系统出现疑似误刹。
EVT_0008,VH_009,2026-01-01T08:56:00,城市路口两轮车疑似误刹,晴,城市路口,27.31,-4.23,1.80,false,false,0.823,two_wheeler,0.579,1.64,0.099,两轮车目标置信度波动,保守制动,城市路口两轮车横向切入后目标置信度波动，系统出现疑似误刹。
EVT_0009,VH_010,2026-01-01T09:03:00,城市路口两轮车疑似误刹,晴,城市路口,35.63,-3.12,7.35,false,true,0.903,two_wheeler,0.683,2.20,-0.143,两轮车目标置信度波动,保守制动,城市路口两轮车横向切入后目标置信度波动，系统出现疑似误刹。
EVT_0010,VH_011,2026-01-01T09:10:00,城市路口两轮车疑似误刹,晴,城市路口,19.47,-5.28,-3.43,false,false,0.748,two_wheeler,0.481,1.12,-0.018,两轮车目标置信度波动,保守制动,城市路口两轮车横向切入后目标置信度波动，系统出现疑似误刹。
EVT_0011,VH_012,2026-01-01T09:17:00,城市路口两轮车疑似误刹,晴,城市路口,27.80,-4.17,2.12,false,true,0.828,two_wheeler,0.585,1.68,0.107,两轮车目标置信度波动,保守制动,城市路口两轮车横向切入后目标置信度波动，系统出现疑似误刹。
EVT_0012,VH_013,2026-01-01T09:24:00,城市路口两轮车疑似误刹,晴,城市路口,36.12,-3.06,7.67,false,false,0.908,two_wheeler,0.689,0.60,-0.136,两轮车目标置信度波动,保守制动,城市路口两轮车横向切入后目标置信度波动，系统出现疑似误刹。
EVT_0013,VH_014,2026-01-01T09:31:00,城市路口两轮车疑似误刹,晴,城市路口,19.96,-5.21,-3.10,true,true,0.753,two_wheeler,0.487,1.16,-0.011,两轮车目标置信度波动,保守制动,城市路口两轮车横向切入后目标置信度波动，系统出现疑似误刹。
EVT_0014,VH_015,2026-01-01T09:38:00,城市路口两轮车疑似误刹,晴,城市路口,28.29,-4.10,2.45,false,false,0.833,two_wheeler,0.591,1.71,0.114,两轮车目标置信度波动,保守制动,城市路口两轮车横向切入后目标置信度波动，系统出现疑似误刹。
EVT_0015,VH_016,2026-01-01T09:45:00,城市路口两轮车疑似误刹,晴,城市路口,36.61,-2.99,8.00,false,true,0.912,two_wheeler,0.696,0.63,-0.129,两轮车目标置信度波动,保守制动,城市路口两轮车横向切入后目标置信度波动，系统出现疑似误刹。
EVT_0016,VH_017,2026-01-01T09:52:00,城市路口两轮车疑似误刹,晴,城市路口,20.45,-5.15,-2.78,false,false,0.758,two_wheeler,0.493,1.19,-0.004,两轮车目标置信度波动,保守制动,城市路口两轮车横向切入后目标置信度波动，系统出现疑似误刹。
EVT_0017,VH_018,2026-01-01T09:59:00,城市路口两轮车疑似误刹,晴,城市路口,28.78,-4.04,2.78,false,true,0.837,two_wheeler,0.598,1.74,0.121,两轮车目标置信度波动,保守制动,城市路口两轮车横向切入后目标置信度波动，系统出现疑似误刹。
EVT_0018,VH_019,2026-01-01T10:06:00,城市路口两轮车疑似误刹,晴,城市路口,37.10,-2.93,-8.00,false,false,0.917,two_wheeler,0.702,0.67,-0.121,两轮车目标置信度波动,保守制动,城市路口两轮车横向切入后目标置信度波动，系统出现疑似误刹。
EVT_0019,VH_020,2026-01-01T10:13:00,城市路口两轮车疑似误刹,晴,城市路口,20.94,-5.08,-2.45,true,true,0.762,two_wheeler,0.500,1.22,0.004,两轮车目标置信度波动,保守制动,城市路口两轮车横向切入后目标置信度波动，系统出现疑似误刹。
EVT_0020,VH_021,2026-01-01T10:20:00,城市路口两轮车疑似误刹,晴,城市路口,29.27,-3.97,3.10,false,false,0.842,two_wheeler,0.604,1.78,0.129,两轮车目标置信度波动,保守制动,城市路口两轮车横向切入后目标置信度波动，系统出现疑似误刹。
EVT_0021,VH_022,2026-01-01T10:27:00,城市路口两轮车疑似误刹,晴,城市路口,37.59,-2.86,-7.67,false,true,0.922,two_wheeler,0.708,0.70,-0.114,两轮车目标置信度波动,保守制动,城市路口两轮车横向切入后目标置信度波动，系统出现疑似误刹。
EVT_0022,VH_023,2026-01-01T10:34:00,城市路口两轮车疑似误刹,晴,城市路口,21.43,-5.02,-2.12,false,false,0.767,two_wheeler,0.506,1.25,0.011,两轮车目标置信度波动,保守制动,城市路口两轮车横向切入后目标置信度波动，系统出现疑似误刹。
EVT_0023,VH_024,2026-01-01T10:41:00,城市路口两轮车疑似误刹,晴,城市路口,29.76,-3.91,3.43,false,true,0.847,two_wheeler,0.610,1.81,0.136,两轮车目标置信度波动,保守制动,城市路口两轮车横向切入后目标置信度波动，系统出现疑似误刹。
EVT_0024,VH_025,2026-01-01T10:48:00,城市路口两轮车疑似误刹,晴,城市路口,38.08,-2.80,-7.35,false,false,0.927,two_wheeler,0.714,0.73,-0.107,两轮车目标置信度波动,保守制动,城市路口两轮车横向切入后目标置信度波动，系统出现疑似误刹。
EVT_0025,VH_026,2026-01-01T10:55:00,城市路口两轮车疑似误刹,晴,城市路口,21.92,-4.95,-1.80,true,true,0.772,two_wheeler,0.512,1.29,0.018,两轮车目标置信度波动,保守制动,城市路口两轮车横向切入后目标置信度波动，系统出现疑似误刹。
EVT_0026,VH_027,2026-01-01T11:02:00,城市路口两轮车疑似误刹,晴,城市路口,30.24,-3.84,3.76,false,false,0.851,two_wheeler,0.616,1.84,0.143,两轮车目标置信度波动,保守制动,城市路口两轮车横向切入后目标置信度波动，系统出现疑似误刹。
EVT_0027,VH_028,2026-01-01T11:09:00,城市路口两轮车疑似误刹,晴,城市路口,38.57,-2.73,-7.02,false,true,0.931,two_wheeler,0.720,0.76,-0.099,两轮车目标置信度波动,保守制动,城市路口两轮车横向切入后目标置信度波动，系统出现疑似误刹。
EVT_0028,VH_029,2026-01-01T11:16:00,城市路口两轮车疑似误刹,晴,城市路口,22.41,-4.89,-1.47,false,false,0.776,two_wheeler,0.518,1.32,0.026,两轮车目标置信度波动,保守制动,城市路口两轮车横向切入后目标置信度波动，系统出现疑似误刹。
EVT_0029,VH_030,2026-01-01T11:23:00,城市路口两轮车疑似误刹,晴,城市路口,30.73,-3.78,4.08,false,true,0.856,two_wheeler,0.622,1.87,0.151,两轮车目标置信度波动,保守制动,城市路口两轮车横向切入后目标置信度波动，系统出现疑似误刹。
EVT_0030,VH_031,2026-01-01T11:30:00,城市路口两轮车疑似误刹,晴,城市路口,39.06,-2.67,-6.69,false,false,0.936,two_wheeler,0.420,0.80,-0.092,两轮车目标置信度波动,保守制动,城市路口两轮车横向切入后目标置信度波动，系统出现疑似误刹。
EVT_0031,VH_032,2026-01-01T11:37:00,城市路口两轮车疑似误刹,晴,城市路口,22.90,-4.82,-1.14,true,true,0.781,two_wheeler,0.524,1.35,0.033,两轮车目标置信度波动,保守制动,城市路口两轮车横向切入后目标置信度波动，系统出现疑似误刹。
EVT_0032,VH_033,2026-01-01T11:44:00,城市路口两轮车疑似误刹,晴,城市路口,31.22,-3.71,4.41,false,false,0.861,two_wheeler,0.628,1.91,0.158,两轮车目标置信度波动,保守制动,城市路口两轮车横向切入后目标置信度波动，系统出现疑似误刹。
EVT_0033,VH_034,2026-01-01T11:51:00,城市路口两轮车疑似误刹,晴,城市路口,39.55,-2.60,-6.37,false,true,0.941,two_wheeler,0.426,0.83,-0.084,两轮车目标置信度波动,保守制动,城市路口两轮车横向切入后目标置信度波动，系统出现疑似误刹。
EVT_0034,VH_035,2026-01-01T11:58:00,城市路口两轮车疑似误刹,晴,城市路口,23.39,-4.76,-0.82,false,false,0.786,two_wheeler,0.530,1.38,0.040,两轮车目标置信度波动,保守制动,城市路口两轮车横向切入后目标置信度波动，系统出现疑似误刹。
EVT_0035,VH_036,2026-01-01T12:05:00,城市路口两轮车疑似误刹,晴,城市路口,31.71,-3.64,4.73,false,true,0.866,two_wheeler,0.634,1.94,0.165,两轮车目标置信度波动,保守制动,城市路口两轮车横向切入后目标置信度波动，系统出现疑似误刹。
EVT_0036,VH_001,2026-01-01T12:12:00,城市路口两轮车疑似误刹,晴,城市路口,40.04,-5.80,-6.04,false,false,0.945,two_wheeler,0.432,0.86,-0.077,两轮车目标置信度波动,保守制动,城市路口两轮车横向切入后目标置信度波动，系统出现疑似误刹。
EVT_0037,VH_002,2026-01-01T12:19:00,城市路口两轮车疑似误刹,晴,城市路口,23.88,-4.69,-0.49,true,true,0.790,two_wheeler,0.536,1.42,0.048,两轮车目标置信度波动,保守制动,城市路口两轮车横向切入后目标置信度波动，系统出现疑似误刹。
EVT_0038,VH_003,2026-01-01T12:26:00,城市路口两轮车疑似误刹,晴,城市路口,32.20,-3.58,5.06,false,false,0.870,two_wheeler,0.640,1.97,0.173,两轮车目标置信度波动,保守制动,城市路口两轮车横向切入后目标置信度波动，系统出现疑似误刹。
EVT_0039,VH_004,2026-01-01T12:33:00,城市路口两轮车疑似误刹,晴,城市路口,40.53,-5.73,-5.71,false,true,0.950,two_wheeler,0.438,0.89,-0.070,两轮车目标置信度波动,保守制动,城市路口两轮车横向切入后目标置信度波动，系统出现疑似误刹。
EVT_0040,VH_005,2026-01-01T12:40:00,城市路口两轮车疑似误刹,晴,城市路口,24.37,-4.62,-0.16,false,false,0.795,two_wheeler,0.542,1.45,0.055,两轮车目标置信度波动,保守制动,城市路口两轮车横向切入后目标置信度波动，系统出现疑似误刹。
EVT_0041,VH_006,2026-01-01T12:47:00,城市路口两轮车疑似误刹,晴,城市路口,32.69,-3.51,5.39,false,true,0.875,two_wheeler,0.647,2.00,0.180,两轮车目标置信度波动,保守制动,城市路口两轮车横向切入后目标置信度波动，系统出现疑似误刹。
EVT_0042,VH_007,2026-01-01T12:54:00,城市路口两轮车疑似误刹,晴,城市路口,41.02,-5.67,-5.39,false,false,0.720,two_wheeler,0.444,0.93,-0.062,两轮车目标置信度波动,保守制动,城市路口两轮车横向切入后目标置信度波动，系统出现疑似误刹。
EVT_0043,VH_008,2026-01-01T13:01:00,城市路口两轮车疑似误刹,晴,城市路口,24.86,-4.56,0.16,true,true,0.800,two_wheeler,0.549,1.48,0.062,两轮车目标置信度波动,保守制动,城市路口两轮车横向切入后目标置信度波动，系统出现疑似误刹。
EVT_0044,VH_009,2026-01-01T13:08:00,城市路口两轮车疑似误刹,晴,城市路口,33.18,-3.45,5.71,false,false,0.880,two_wheeler,0.653,2.04,-0.180,两轮车目标置信度波动,保守制动,城市路口两轮车横向切入后目标置信度波动，系统出现疑似误刹。
EVT_0045,VH_010,2026-01-01T13:15:00,城市路口两轮车疑似误刹,晴,城市路口,41.51,-5.60,-5.06,false,true,0.725,two_wheeler,0.451,0.96,-0.055,两轮车目标置信度波动,保守制动,城市路口两轮车横向切入后目标置信度波动，系统出现疑似误刹。
EVT_0046,VH_011,2026-01-01T13:22:00,城市路口两轮车疑似误刹,晴,城市路口,25.35,-4.49,0.49,false,false,0.804,two_wheeler,0.555,1.51,0.070,两轮车目标置信度波动,保守制动,城市路口两轮车横向切入后目标置信度波动，系统出现疑似误刹。
EVT_0047,VH_012,2026-01-01T13:29:00,城市路口两轮车疑似误刹,晴,城市路口,33.67,-3.38,6.04,false,true,0.884,two_wheeler,0.659,2.07,-0.173,两轮车目标置信度波动,保守制动,城市路口两轮车横向切入后目标置信度波动，系统出现疑似误刹。
EVT_0048,VH_013,2026-01-01T13:36:00,城市路口两轮车疑似误刹,晴,城市路口,42.00,-5.54,-4.73,false,false,0.729,two_wheeler,0.457,0.99,-0.048,两轮车目标置信度波动,保守制动,城市路口两轮车横向切入后目标置信度波动，系统出现疑似误刹。
EVT_0049,VH_014,2026-01-01T13:43:00,城市路口两轮车疑似误刹,晴,城市路口,25.84,-4.43,0.82,true,true,0.809,two_wheeler,0.561,1.55,0.077,两轮车目标置信度波动,保守制动,城市路口两轮车横向切入后目标置信度波动，系统出现疑似误刹。
EVT_0050,VH_015,2026-01-01T13:50:00,城市路口两轮车疑似误刹,晴,城市路口,34.16,-3.32,6.37,false,false,0.889,two_wheeler,0.665,2.10,-0.165,两轮车目标置信度波动,保守制动,城市路口两轮车横向切入后目标置信度波动，系统出现疑似误刹。
EVT_0051,VH_016,2026-01-01T13:57:00,高速跟车急刹,晴,高速,78.00,-6.85,-2.20,true,true,0.830,vehicle,0.806,0.69,-0.027,前车减速度突增,紧急制动,高速跟车场景前车急减速，Ego 车辆触发大制动请求。
EVT_0052,VH_017,2026-01-01T14:04:00,高速跟车急刹,晴,高速,91.88,-5.67,0.57,false,false,0.885,vehicle,0.868,1.07,0.056,前车减速度突增,紧急制动,高速跟车场景前车急减速，Ego 车辆触发大制动请求。
EVT_0053,VH_018,2026-01-01T14:11:00,高速跟车急刹,晴,高速,105.76,-4.49,3.35,false,false,0.941,vehicle,0.931,1.46,-0.105,前车减速度突增,紧急制动,高速跟车场景前车急减速，Ego 车辆触发大制动请求。
EVT_0054,VH_019,2026-01-01T14:18:00,高速跟车急刹,晴,高速,78.82,-6.78,-2.04,false,false,0.833,vehicle,0.809,0.71,-0.022,前车减速度突增,紧急制动,高速跟车场景前车急减速，Ego 车辆触发大制动请求。
EVT_0055,VH_020,2026-01-01T14:25:00,高速跟车急刹,晴,高速,92.69,-5.60,0.73,false,false,0.889,vehicle,0.872,1.10,0.061,前车减速度突增,紧急制动,高速跟车场景前车急减速，Ego 车辆触发大制动请求。
EVT_0056,VH_021,2026-01-01T14:32:00,高速跟车急刹,晴,高速,106.57,-4.42,3.51,false,true,0.944,vehicle,0.934,1.48,-0.100,前车减速度突增,紧急制动,高速跟车场景前车急减速，Ego 车辆触发大制动请求。
EVT_0057,VH_022,2026-01-01T14:39:00,高速跟车急刹,晴,高速,79.63,-6.71,-1.88,false,false,0.836,vehicle,0.813,0.74,-0.017,前车减速度突增,紧急制动,高速跟车场景前车急减速，Ego 车辆触发大制动请求。
EVT_0058,VH_023,2026-01-01T14:46:00,高速跟车急刹,晴,高速,93.51,-5.53,0.90,false,false,0.892,vehicle,0.876,1.12,0.066,前车减速度突增,紧急制动,高速跟车场景前车急减速，Ego 车辆触发大制动请求。
EVT_0059,VH_024,2026-01-01T14:53:00,高速跟车急刹,晴,高速,107.39,-4.36,3.67,true,false,0.947,vehicle,0.938,1.50,-0.096,前车减速度突增,紧急制动,高速跟车场景前车急减速，Ego 车辆触发大制动请求。
EVT_0060,VH_025,2026-01-01T15:00:00,高速跟车急刹,晴,高速,80.45,-6.64,-1.71,false,false,0.840,vehicle,0.817,0.76,-0.012,前车减速度突增,紧急制动,高速跟车场景前车急减速，Ego 车辆触发大制动请求。
EVT_0061,VH_026,2026-01-01T15:07:00,高速跟车急刹,晴,高速,94.33,-5.47,1.06,false,true,0.895,vehicle,0.879,1.14,0.071,前车减速度突增,紧急制动,高速跟车场景前车急减速，Ego 车辆触发大制动请求。
EVT_0062,VH_027,2026-01-01T15:14:00,高速跟车急刹,晴,高速,108.20,-4.29,3.84,false,false,0.951,vehicle,0.942,0.40,-0.091,前车减速度突增,紧急制动,高速跟车场景前车急减速，Ego 车辆触发大制动请求。
EVT_0063,VH_028,2026-01-01T15:21:00,高速跟车急刹,晴,高速,81.27,-6.58,-1.55,false,false,0.843,vehicle,0.820,0.78,-0.007,前车减速度突增,紧急制动,高速跟车场景前车急减速，Ego 车辆触发大制动请求。
EVT_0064,VH_029,2026-01-01T15:28:00,高速跟车急刹,晴,高速,95.14,-5.40,1.22,false,false,0.898,vehicle,0.883,1.16,0.076,前车减速度突增,紧急制动,高速跟车场景前车急减速，Ego 车辆触发大制动请求。
EVT_0065,VH_030,2026-01-01T15:35:00,高速跟车急刹,晴,高速,109.02,-4.22,4.00,false,false,0.954,vehicle,0.945,0.42,-0.086,前车减速度突增,紧急制动,高速跟车场景前车急减速，Ego 车辆触发大制动请求。
EVT_0066,VH_031,2026-01-01T15:42:00,高速跟车急刹,晴,高速,82.08,-6.51,-1.39,false,true,0.846,vehicle,0.824,0.80,-0.002,前车减速度突增,紧急制动,高速跟车场景前车急减速，Ego 车辆触发大制动请求。
EVT_0067,VH_032,2026-01-01T15:49:00,高速跟车急刹,晴,高速,95.96,-5.33,1.39,true,false,0.902,vehicle,0.887,1.19,0.081,前车减速度突增,紧急制动,高速跟车场景前车急减速，Ego 车辆触发大制动请求。
EVT_0068,VH_033,2026-01-01T15:56:00,高速跟车急刹,晴,高速,109.84,-4.15,-4.00,false,false,0.957,vehicle,0.949,0.44,-0.081,前车减速度突增,紧急制动,高速跟车场景前车急减速，Ego 车辆触发大制动请求。
EVT_0069,VH_034,2026-01-01T16:03:00,高速跟车急刹,晴,高速,82.90,-6.44,-1.22,false,false,0.849,vehicle,0.828,0.83,0.002,前车减速度突增,紧急制动,高速跟车场景前车急减速，Ego 车辆触发大制动请求。
EVT_0070,VH_035,2026-01-01T16:10:00,高速跟车急刹,晴,高速,96.78,-5.26,1.55,false,false,0.905,vehicle,0.890,1.21,0.086,前车减速度突增,紧急制动,高速跟车场景前车急减速，Ego 车辆触发大制动请求。
EVT_0071,VH_036,2026-01-01T16:17:00,高速跟车急刹,晴,高速,110.65,-4.08,-3.84,false,true,0.960,vehicle,0.953,0.47,-0.076,前车减速度突增,紧急制动,高速跟车场景前车急减速，Ego 车辆触发大制动请求。
EVT_0072,VH_001,2026-01-01T16:24:00,高速跟车急刹,晴,高速,83.71,-6.37,-1.06,false,false,0.853,vehicle,0.831,0.85,0.007,前车减速度突增,紧急制动,高速跟车场景前车急减速，Ego 车辆触发大制动请求。
EVT_0073,VH_002,2026-01-01T16:31:00,高速跟车急刹,晴,高速,97.59,-5.19,1.71,false,false,0.908,vehicle,0.894,1.23,0.091,前车减速度突增,紧急制动,高速跟车场景前车急减速，Ego 车辆触发大制动请求。
EVT_0074,VH_003,2026-01-01T16:38:00,高速跟车急刹,晴,高速,111.47,-4.01,-3.67,false,false,0.964,vehicle,0.956,0.49,-0.071,前车减速度突增,紧急制动,高速跟车场景前车急减速，Ego 车辆触发大制动请求。
EVT_0075,VH_004,2026-01-01T16:45:00,高速跟车急刹,晴,高速,84.53,-6.30,-0.90,true,false,0.856,vehicle,0.835,0.87,0.012,前车减速度突增,紧急制动,高速跟车场景前车急减速，Ego 车辆触发大制动请求。
EVT_0076,VH_005,2026-01-01T16:52:00,高速跟车急刹,晴,高速,98.41,-5.12,1.88,false,true,0.911,vehicle,0.898,1.25,0.096,前车减速度突增,紧急制动,高速跟车场景前车急减速，Ego 车辆触发大制动请求。
EVT_0077,VH_006,2026-01-01T16:59:00,高速跟车急刹,晴,高速,112.29,-3.94,-3.51,false,false,0.967,vehicle,0.960,0.51,-0.066,前车减速度突增,紧急制动,高速跟车场景前车急减速，Ego 车辆触发大制动请求。
EVT_0078,VH_007,2026-01-01T17:06:00,高速跟车急刹,晴,高速,85.35,-6.23,-0.73,false,false,0.859,vehicle,0.839,0.89,0.017,前车减速度突增,紧急制动,高速跟车场景前车急减速，Ego 车辆触发大制动请求。
EVT_0079,VH_008,2026-01-01T17:13:00,高速跟车急刹,晴,高速,99.22,-5.05,2.04,false,false,0.915,vehicle,0.901,1.28,0.100,前车减速度突增,紧急制动,高速跟车场景前车急减速，Ego 车辆触发大制动请求。
EVT_0080,VH_009,2026-01-01T17:20:00,高速跟车急刹,晴,高速,113.10,-3.87,-3.35,false,false,0.970,vehicle,0.780,0.53,-0.061,前车减速度突增,紧急制动,高速跟车场景前车急减速，Ego 车辆触发大制动请求。
EVT_0081,VH_010,2026-01-01T17:27:00,高速跟车急刹,晴,高速,86.16,-6.16,-0.57,false,true,0.862,vehicle,0.842,0.92,0.022,前车减速度突增,紧急制动,高速跟车场景前车急减速，Ego 车辆触发大制动请求。
EVT_0082,VH_011,2026-01-01T17:34:00,高速跟车急刹,晴,高速,100.04,-4.98,2.20,false,false,0.918,vehicle,0.905,1.30,0.105,前车减速度突增,紧急制动,高速跟车场景前车急减速，Ego 车辆触发大制动请求。
EVT_0083,VH_012,2026-01-01T17:41:00,高速跟车急刹,晴,高速,113.92,-3.80,-3.18,true,false,0.973,vehicle,0.784,0.56,-0.056,前车减速度突增,紧急制动,高速跟车场景前车急减速，Ego 车辆触发大制动请求。
EVT_0084,VH_013,2026-01-01T17:48:00,高速跟车急刹,晴,高速,86.98,-6.09,-0.41,false,false,0.866,vehicle,0.846,0.94,0.027,前车减速度突增,紧急制动,高速跟车场景前车急减速，Ego 车辆触发大制动请求。
EVT_0085,VH_014,2026-01-01T17:55:00,高速跟车急刹,晴,高速,100.86,-4.91,2.37,false,false,0.921,vehicle,0.909,1.32,0.110,前车减速度突增,紧急制动,高速跟车场景前车急减速，Ego 车辆触发大制动请求。
EVT_0086,VH_015,2026-01-01T18:02:00,高速跟车急刹,晴,高速,114.73,-7.20,-3.02,false,true,0.977,vehicle,0.787,0.58,-0.051,前车减速度突增,紧急制动,高速跟车场景前车急减速，Ego 车辆触发大制动请求。
EVT_0087,VH_016,2026-01-01T18:09:00,高速跟车急刹,晴,高速,87.80,-6.02,-0.24,false,false,0.869,vehicle,0.850,0.96,0.032,前车减速度突增,紧急制动,高速跟车场景前车急减速，Ego 车辆触发大制动请求。
EVT_0088,VH_017,2026-01-01T18:16:00,高速跟车急刹,晴,高速,101.67,-4.84,2.53,false,false,0.924,vehicle,0.912,1.34,0.115,前车减速度突增,紧急制动,高速跟车场景前车急减速，Ego 车辆触发大制动请求。
EVT_0089,VH_018,2026-01-01T18:23:00,高速跟车急刹,晴,高速,115.55,-7.13,-2.86,false,false,0.980,vehicle,0.791,0.60,-0.047,前车减速度突增,紧急制动,高速跟车场景前车急减速，Ego 车辆触发大制动请求。
EVT_0090,VH_019,2026-01-01T18:30:00,高速跟车急刹,晴,高速,88.61,-5.95,-0.08,false,false,0.872,vehicle,0.853,0.98,0.037,前车减速度突增,紧急制动,高速跟车场景前车急减速，Ego 车辆触发大制动请求。
EVT_0091,VH_020,2026-01-01T18:37:00,高速跟车急刹,晴,高速,102.49,-4.77,2.69,true,true,0.928,vehicle,0.916,1.37,0.120,前车减速度突增,紧急制动,高速跟车场景前车急减速，Ego 车辆触发大制动请求。
EVT_0092,VH_021,2026-01-01T18:44:00,高速跟车急刹,晴,高速,116.37,-7.06,-2.69,false,false,0.820,vehicle,0.795,0.62,-0.042,前车减速度突增,紧急制动,高速跟车场景前车急减速，Ego 车辆触发大制动请求。
EVT_0093,VH_022,2026-01-01T18:51:00,高速跟车急刹,晴,高速,89.43,-5.88,0.08,false,false,0.876,vehicle,0.857,1.01,0.042,前车减速度突增,紧急制动,高速跟车场景前车急减速，Ego 车辆触发大制动请求。
EVT_0094,VH_023,2026-01-01T18:58:00,高速跟车急刹,晴,高速,103.31,-4.70,2.86,false,false,0.931,vehicle,0.920,1.39,-0.120,前车减速度突增,紧急制动,高速跟车场景前车急减速，Ego 车辆触发大制动请求。
EVT_0095,VH_024,2026-01-01T19:05:00,高速跟车急刹,晴,高速,117.18,-6.99,-2.53,false,false,0.823,vehicle,0.798,0.65,-0.037,前车减速度突增,紧急制动,高速跟车场景前车急减速，Ego 车辆触发大制动请求。
EVT_0096,VH_025,2026-01-01T19:12:00,高速跟车急刹,晴,高速,90.24,-5.81,0.24,false,true,0.879,vehicle,0.861,1.03,0.047,前车减速度突增,紧急制动,高速跟车场景前车急减速，Ego 车辆触发大制动请求。
EVT_0097,VH_026,2026-01-01T19:19:00,高速跟车急刹,晴,高速,104.12,-4.63,3.02,false,false,0.934,vehicle,0.923,1.41,-0.115,前车减速度突增,紧急制动,高速跟车场景前车急减速，Ego 车辆触发大制动请求。
EVT_0098,VH_027,2026-01-01T19:26:00,高速跟车急刹,晴,高速,118.00,-6.92,-2.37,false,false,0.827,vehicle,0.802,0.67,-0.032,前车减速度突增,紧急制动,高速跟车场景前车急减速，Ego 车辆触发大制动请求。
EVT_0099,VH_028,2026-01-01T19:33:00,高速跟车急刹,晴,高速,91.06,-5.74,0.41,true,false,0.882,vehicle,0.864,1.05,0.051,前车减速度突增,紧急制动,高速跟车场景前车急减速，Ego 车辆触发大制动请求。
EVT_0100,VH_029,2026-01-01T19:40:00,高速跟车急刹,晴,高速,104.94,-4.56,3.18,false,false,0.938,vehicle,0.927,1.43,-0.110,前车减速度突增,紧急制动,高速跟车场景前车急减速，Ego 车辆触发大制动请求。
EVT_0101,VH_030,2026-01-01T19:47:00,雨天车道线置信度下降,雨,城市快速路,42.00,-2.56,-4.96,true,false,0.298,none,0.021,4.69,-0.081,雨水遮挡导致车道线置信度下降,降级保持车道,雨天路面积水反光，车道线检测置信度下降并进入降级控制。
EVT_0102,VH_031,2026-01-01T19:54:00,雨天车道线置信度下降,雨,城市快速路,57.27,-1.72,1.29,false,false,0.402,none,0.073,6.26,0.169,雨水遮挡导致车道线置信度下降,降级保持车道,雨天路面积水反光，车道线检测置信度下降并进入降级控制。
EVT_0103,VH_032,2026-01-01T20:01:00,雨天车道线置信度下降,雨,城市快速路,72.53,-0.89,7.53,false,false,0.507,none,0.126,7.82,-0.316,雨水遮挡导致车道线置信度下降,降级保持车道,雨天路面积水反光，车道线检测置信度下降并进入降级控制。
EVT_0104,VH_033,2026-01-01T20:08:00,雨天车道线置信度下降,雨,城市快速路,42.90,-2.51,-4.59,false,false,0.304,none,0.024,4.79,-0.066,雨水遮挡导致车道线置信度下降,降级保持车道,雨天路面积水反光，车道线检测置信度下降并进入降级控制。
EVT_0105,VH_034,2026-01-01T20:15:00,雨天车道线置信度下降,雨,城市快速路,58.16,-1.67,1.65,false,false,0.409,none,0.077,6.35,0.184,雨水遮挡导致车道线置信度下降,降级保持车道,雨天路面积水反光，车道线检测置信度下降并进入降级控制。
EVT_0106,VH_035,2026-01-01T20:22:00,雨天车道线置信度下降,雨,城市快速路,73.43,-0.84,7.90,false,false,0.513,none,0.129,7.91,-0.301,雨水遮挡导致车道线置信度下降,降级保持车道,雨天路面积水反光，车道线检测置信度下降并进入降级控制。
EVT_0107,VH_036,2026-01-01T20:29:00,雨天车道线置信度下降,雨,城市快速路,43.80,-2.46,-4.22,false,false,0.311,none,0.028,4.88,-0.051,雨水遮挡导致车道线置信度下降,降级保持车道,雨天路面积水反光，车道线检测置信度下降并进入降级控制。
EVT_0108,VH_001,2026-01-01T20:36:00,雨天车道线置信度下降,雨,城市快速路,59.06,-1.62,2.02,true,false,0.415,none,0.080,6.44,0.198,雨水遮挡导致车道线置信度下降,降级保持车道,雨天路面积水反光，车道线检测置信度下降并进入降级控制。
EVT_0109,VH_002,2026-01-01T20:43:00,雨天车道线置信度下降,雨,城市快速路,74.33,-0.79,8.27,false,false,0.519,none,0.132,8.00,-0.287,雨水遮挡导致车道线置信度下降,降级保持车道,雨天路面积水反光，车道线检测置信度下降并进入降级控制。
EVT_0110,VH_003,2026-01-01T20:50:00,雨天车道线置信度下降,雨,城市快速路,44.69,-2.41,-3.86,false,false,0.317,none,0.031,4.97,-0.037,雨水遮挡导致车道线置信度下降,降级保持车道,雨天路面积水反光，车道线检测置信度下降并进入降级控制。
EVT_0111,VH_004,2026-01-01T20:57:00,雨天车道线置信度下降,雨,城市快速路,59.96,-1.58,2.39,false,false,0.421,none,0.083,6.53,0.213,雨水遮挡导致车道线置信度下降,降级保持车道,雨天路面积水反光，车道线检测置信度下降并进入降级控制。
EVT_0112,VH_005,2026-01-01T21:04:00,雨天车道线置信度下降,雨,城市快速路,75.22,-0.74,8.63,false,false,0.525,none,0.135,3.50,-0.272,雨水遮挡导致车道线置信度下降,降级保持车道,雨天路面积水反光，车道线检测置信度下降并进入降级控制。
EVT_0113,VH_006,2026-01-01T21:11:00,雨天车道线置信度下降,雨,城市快速路,45.59,-2.36,-3.49,false,false,0.323,none,0.034,5.06,-0.022,雨水遮挡导致车道线置信度下降,降级保持车道,雨天路面积水反光，车道线检测置信度下降并进入降级控制。
EVT_0114,VH_007,2026-01-01T21:18:00,雨天车道线置信度下降,雨,城市快速路,60.86,-1.53,2.76,false,false,0.427,none,0.086,6.62,0.228,雨水遮挡导致车道线置信度下降,降级保持车道,雨天路面积水反光，车道线检测置信度下降并进入降级控制。
EVT_0115,VH_008,2026-01-01T21:25:00,雨天车道线置信度下降,雨,城市快速路,76.12,-0.69,9.00,true,false,0.531,none,0.138,3.59,-0.257,雨水遮挡导致车道线置信度下降,降级保持车道,雨天路面积水反光，车道线检测置信度下降并进入降级控制。
EVT_0116,VH_009,2026-01-01T21:32:00,雨天车道线置信度下降,雨,城市快速路,46.49,-2.31,-3.12,false,false,0.329,none,0.037,5.15,-0.007,雨水遮挡导致车道线置信度下降,降级保持车道,雨天路面积水反光，车道线检测置信度下降并进入降级控制。
EVT_0117,VH_010,2026-01-01T21:39:00,雨天车道线置信度下降,雨,城市快速路,61.76,-1.48,3.12,false,false,0.433,none,0.089,6.71,0.242,雨水遮挡导致车道线置信度下降,降级保持车道,雨天路面积水反光，车道线检测置信度下降并进入降级控制。
EVT_0118,VH_011,2026-01-01T21:46:00,雨天车道线置信度下降,雨,城市快速路,77.02,-0.64,-9.00,false,false,0.537,none,0.141,3.68,-0.242,雨水遮挡导致车道线置信度下降,降级保持车道,雨天路面积水反光，车道线检测置信度下降并进入降级控制。
EVT_0119,VH_012,2026-01-01T21:53:00,雨天车道线置信度下降,雨,城市快速路,47.39,-2.26,-2.76,false,false,0.335,none,0.040,5.24,0.007,雨水遮挡导致车道线置信度下降,降级保持车道,雨天路面积水反光，车道线检测置信度下降并进入降级控制。
EVT_0120,VH_013,2026-01-01T22:00:00,雨天车道线置信度下降,雨,城市快速路,62.65,-1.43,3.49,false,false,0.439,none,0.092,6.81,0.257,雨水遮挡导致车道线置信度下降,降级保持车道,雨天路面积水反光，车道线检测置信度下降并进入降级控制。
EVT_0121,VH_014,2026-01-01T22:07:00,雨天车道线置信度下降,雨,城市快速路,77.92,-0.60,-8.63,false,false,0.543,none,0.144,3.78,-0.228,雨水遮挡导致车道线置信度下降,降级保持车道,雨天路面积水反光，车道线检测置信度下降并进入降级控制。
EVT_0122,VH_015,2026-01-01T22:14:00,雨天车道线置信度下降,雨,城市快速路,48.29,-2.21,-2.39,true,false,0.341,none,0.043,5.34,0.022,雨水遮挡导致车道线置信度下降,降级保持车道,雨天路面积水反光，车道线检测置信度下降并进入降级控制。
EVT_0123,VH_016,2026-01-01T22:21:00,雨天车道线置信度下降,雨,城市快速路,63.55,-1.38,3.86,false,false,0.445,none,0.095,6.90,0.272,雨水遮挡导致车道线置信度下降,降级保持车道,雨天路面积水反光，车道线检测置信度下降并进入降级控制。
EVT_0124,VH_017,2026-01-01T22:28:00,雨天车道线置信度下降,雨,城市快速路,78.82,-0.55,-8.27,false,false,0.549,none,0.147,3.87,-0.213,雨水遮挡导致车道线置信度下降,降级保持车道,雨天路面积水反光，车道线检测置信度下降并进入降级控制。
EVT_0125,VH_018,2026-01-01T22:35:00,雨天车道线置信度下降,雨,城市快速路,49.18,-2.16,-2.02,false,false,0.347,none,0.046,5.43,0.037,雨水遮挡导致车道线置信度下降,降级保持车道,雨天路面积水反光，车道线检测置信度下降并进入降级控制。
EVT_0126,VH_019,2026-01-01T22:42:00,雨天车道线置信度下降,雨,城市快速路,64.45,-1.33,4.22,false,false,0.451,none,0.098,6.99,0.287,雨水遮挡导致车道线置信度下降,降级保持车道,雨天路面积水反光，车道线检测置信度下降并进入降级控制。
EVT_0127,VH_020,2026-01-01T22:49:00,雨天车道线置信度下降,雨,城市快速路,79.71,-0.50,-7.90,false,false,0.556,none,0.150,3.96,-0.198,雨水遮挡导致车道线置信度下降,降级保持车道,雨天路面积水反光，车道线检测置信度下降并进入降级控制。
EVT_0128,VH_021,2026-01-01T22:56:00,雨天车道线置信度下降,雨,城市快速路,50.08,-2.11,-1.65,false,false,0.353,none,0.049,5.52,0.051,雨水遮挡导致车道线置信度下降,降级保持车道,雨天路面积水反光，车道线检测置信度下降并进入降级控制。
EVT_0129,VH_022,2026-01-01T23:03:00,雨天车道线置信度下降,雨,城市快速路,65.35,-1.28,4.59,true,false,0.458,none,0.101,7.08,0.301,雨水遮挡导致车道线置信度下降,降级保持车道,雨天路面积水反光，车道线检测置信度下降并进入降级控制。
EVT_0130,VH_023,2026-01-01T23:10:00,雨天车道线置信度下降,雨,城市快速路,80.61,-0.45,-7.53,false,false,0.562,none,0.000,4.05,-0.184,雨水遮挡导致车道线置信度下降,降级保持车道,雨天路面积水反光，车道线检测置信度下降并进入降级控制。
EVT_0131,VH_024,2026-01-01T23:17:00,雨天车道线置信度下降,雨,城市快速路,50.98,-2.07,-1.29,false,false,0.360,none,0.052,5.61,0.066,雨水遮挡导致车道线置信度下降,降级保持车道,雨天路面积水反光，车道线检测置信度下降并进入降级控制。
EVT_0132,VH_025,2026-01-01T23:24:00,雨天车道线置信度下降,雨,城市快速路,66.24,-1.23,4.96,false,false,0.464,none,0.104,7.17,0.316,雨水遮挡导致车道线置信度下降,降级保持车道,雨天路面积水反光，车道线检测置信度下降并进入降级控制。
EVT_0133,VH_026,2026-01-01T23:31:00,雨天车道线置信度下降,雨,城市快速路,81.51,-0.40,-7.16,false,false,0.568,none,0.003,4.14,-0.169,雨水遮挡导致车道线置信度下降,降级保持车道,雨天路面积水反光，车道线检测置信度下降并进入降级控制。
EVT_0134,VH_027,2026-01-01T23:38:00,雨天车道线置信度下降,雨,城市快速路,51.88,-2.02,-0.92,false,false,0.366,none,0.055,5.70,0.081,雨水遮挡导致车道线置信度下降,降级保持车道,雨天路面积水反光，车道线检测置信度下降并进入降级控制。
EVT_0135,VH_028,2026-01-01T23:45:00,雨天车道线置信度下降,雨,城市快速路,67.14,-1.18,5.33,false,false,0.470,none,0.107,7.27,0.331,雨水遮挡导致车道线置信度下降,降级保持车道,雨天路面积水反光，车道线检测置信度下降并进入降级控制。
EVT_0136,VH_029,2026-01-01T23:52:00,雨天车道线置信度下降,雨,城市快速路,82.41,-2.80,-6.80,true,false,0.574,none,0.006,4.23,-0.154,雨水遮挡导致车道线置信度下降,降级保持车道,雨天路面积水反光，车道线检测置信度下降并进入降级控制。
EVT_0137,VH_030,2026-01-01T23:59:00,雨天车道线置信度下降,雨,城市快速路,52.78,-1.97,-0.55,false,false,0.372,none,0.058,5.80,0.096,雨水遮挡导致车道线置信度下降,降级保持车道,雨天路面积水反光，车道线检测置信度下降并进入降级控制。
EVT_0138,VH_031,2026-01-02T00:06:00,雨天车道线置信度下降,雨,城市快速路,68.04,-1.13,5.69,false,false,0.476,none,0.110,7.36,0.345,雨水遮挡导致车道线置信度下降,降级保持车道,雨天路面积水反光，车道线检测置信度下降并进入降级控制。
EVT_0139,VH_032,2026-01-02T00:13:00,雨天车道线置信度下降,雨,城市快速路,83.31,-2.75,-6.43,false,false,0.580,none,0.009,4.33,-0.140,雨水遮挡导致车道线置信度下降,降级保持车道,雨天路面积水反光，车道线检测置信度下降并进入降级控制。
EVT_0140,VH_033,2026-01-02T00:20:00,雨天车道线置信度下降,雨,城市快速路,53.67,-1.92,-0.18,false,false,0.378,none,0.061,5.89,0.110,雨水遮挡导致车道线置信度下降,降级保持车道,雨天路面积水反光，车道线检测置信度下降并进入降级控制。
EVT_0141,VH_034,2026-01-02T00:27:00,雨天车道线置信度下降,雨,城市快速路,68.94,-1.09,6.06,false,false,0.482,none,0.113,7.45,0.360,雨水遮挡导致车道线置信度下降,降级保持车道,雨天路面积水反光，车道线检测置信度下降并进入降级控制。
EVT_0142,VH_035,2026-01-02T00:34:00,雨天车道线置信度下降,雨,城市快速路,84.20,-2.70,-6.06,false,false,0.280,none,0.012,4.42,-0.125,雨水遮挡导致车道线置信度下降,降级保持车道,雨天路面积水反光，车道线检测置信度下降并进入降级控制。
EVT_0143,VH_036,2026-01-02T00:41:00,雨天车道线置信度下降,雨,城市快速路,54.57,-1.87,0.18,true,false,0.384,none,0.064,5.98,0.125,雨水遮挡导致车道线置信度下降,降级保持车道,雨天路面积水反光，车道线检测置信度下降并进入降级控制。
EVT_0144,VH_001,2026-01-02T00:48:00,雨天车道线置信度下降,雨,城市快速路,69.84,-1.04,6.43,false,false,0.488,none,0.116,7.54,-0.360,雨水遮挡导致车道线置信度下降,降级保持车道,雨天路面积水反光，车道线检测置信度下降并进入降级控制。
EVT_0145,VH_002,2026-01-02T00:55:00,雨天车道线置信度下降,雨,城市快速路,85.10,-2.65,-5.69,false,false,0.286,none,0.015,4.51,-0.110,雨水遮挡导致车道线置信度下降,降级保持车道,雨天路面积水反光，车道线检测置信度下降并进入降级控制。
EVT_0146,VH_003,2026-01-02T01:02:00,雨天车道线置信度下降,雨,城市快速路,55.47,-1.82,0.55,false,false,0.390,none,0.067,6.07,0.140,雨水遮挡导致车道线置信度下降,降级保持车道,雨天路面积水反光，车道线检测置信度下降并进入降级控制。
EVT_0147,VH_004,2026-01-02T01:09:00,雨天车道线置信度下降,雨,城市快速路,70.73,-0.99,6.80,false,false,0.494,none,0.119,7.63,-0.345,雨水遮挡导致车道线置信度下降,降级保持车道,雨天路面积水反光，车道线检测置信度下降并进入降级控制。
EVT_0148,VH_005,2026-01-02T01:16:00,雨天车道线置信度下降,雨,城市快速路,86.00,-2.60,-5.33,false,false,0.292,none,0.018,4.60,-0.096,雨水遮挡导致车道线置信度下降,降级保持车道,雨天路面积水反光，车道线检测置信度下降并进入降级控制。
EVT_0149,VH_006,2026-01-02T01:23:00,雨天车道线置信度下降,雨,城市快速路,56.37,-1.77,0.92,false,false,0.396,none,0.070,6.16,0.154,雨水遮挡导致车道线置信度下降,降级保持车道,雨天路面积水反光，车道线检测置信度下降并进入降级控制。
EVT_0150,VH_007,2026-01-02T01:30:00,雨天车道线置信度下降,雨,城市快速路,71.63,-0.94,7.16,true,false,0.500,none,0.122,7.72,-0.331,雨水遮挡导致车道线置信度下降,降级保持车道,雨天路面积水反光，车道线检测置信度下降并进入降级控制。
EVT_0151,VH_008,2026-01-02T01:37:00,夜间行人漏检,夜间,城市道路,22.00,-4.43,-5.51,true,true,0.713,pedestrian,0.223,1.33,-0.049,弱光行人目标漏检风险,迟滞避让,夜间弱光区域行人目标短暂漏检，制动和避让决策出现延迟。
EVT_0152,VH_009,2026-01-02T01:44:00,夜间行人漏检,夜间,城市道路,34.49,-3.18,1.43,false,false,0.790,pedestrian,0.327,2.02,0.103,弱光行人目标漏检风险,迟滞避让,夜间弱光区域行人目标短暂漏检，制动和避让决策出现延迟。
EVT_0153,VH_010,2026-01-02T01:51:00,夜间行人漏检,夜间,城市道路,46.98,-1.93,8.37,false,false,0.866,pedestrian,0.431,2.72,-0.193,弱光行人目标漏检风险,迟滞避让,夜间弱光区域行人目标短暂漏检，制动和避让决策出现延迟。
EVT_0154,VH_011,2026-01-02T01:58:00,夜间行人漏检,夜间,城市道路,22.73,-4.36,-5.10,false,false,0.718,pedestrian,0.229,1.37,-0.040,弱光行人目标漏检风险,迟滞避让,夜间弱光区域行人目标短暂漏检，制动和避让决策出现延迟。
EVT_0155,VH_012,2026-01-02T02:05:00,夜间行人漏检,夜间,城市道路,35.22,-3.11,1.84,false,false,0.794,pedestrian,0.333,2.07,0.112,弱光行人目标漏检风险,迟滞避让,夜间弱光区域行人目标短暂漏检，制动和避让决策出现延迟。
EVT_0156,VH_013,2026-01-02T02:12:00,夜间行人漏检,夜间,城市道路,47.71,-1.86,8.78,true,false,0.871,pedestrian,0.437,2.76,-0.184,弱光行人目标漏检风险,迟滞避让,夜间弱光区域行人目标短暂漏检，制动和避让决策出现延迟。
EVT_0157,VH_014,2026-01-02T02:19:00,夜间行人漏检,夜间,城市道路,23.47,-4.29,-4.69,false,false,0.722,pedestrian,0.235,1.41,-0.031,弱光行人目标漏检风险,迟滞避让,夜间弱光区域行人目标短暂漏检，制动和避让决策出现延迟。
EVT_0158,VH_015,2026-01-02T02:26:00,夜间行人漏检,夜间,城市道路,35.96,-3.04,2.24,false,false,0.799,pedestrian,0.339,2.11,0.121,弱光行人目标漏检风险,迟滞避让,夜间弱光区域行人目标短暂漏检，制动和避让决策出现延迟。
EVT_0159,VH_016,2026-01-02T02:33:00,夜间行人漏检,夜间,城市道路,48.45,-1.79,9.18,false,false,0.875,pedestrian,0.443,2.80,-0.175,弱光行人目标漏检风险,迟滞避让,夜间弱光区域行人目标短暂漏检，制动和避让决策出现延迟。
EVT_0160,VH_017,2026-01-02T02:40:00,夜间行人漏检,夜间,城市道路,24.20,-4.21,-4.29,false,true,0.727,pedestrian,0.241,1.45,-0.022,弱光行人目标漏检风险,迟滞避让,夜间弱光区域行人目标短暂漏检，制动和避让决策出现延迟。
EVT_0161,VH_018,2026-01-02T02:47:00,夜间行人漏检,夜间,城市道路,36.69,-2.96,2.65,true,false,0.803,pedestrian,0.345,2.15,0.130,弱光行人目标漏检风险,迟滞避让,夜间弱光区域行人目标短暂漏检，制动和避让决策出现延迟。
EVT_0162,VH_019,2026-01-02T02:54:00,夜间行人漏检,夜间,城市道路,49.18,-1.71,9.59,false,false,0.880,pedestrian,0.449,0.80,-0.166,弱光行人目标漏检风险,迟滞避让,夜间弱光区域行人目标短暂漏检，制动和避让决策出现延迟。
EVT_0163,VH_020,2026-01-02T03:01:00,夜间行人漏检,夜间,城市道路,24.94,-4.14,-3.88,false,false,0.731,pedestrian,0.247,1.49,-0.013,弱光行人目标漏检风险,迟滞避让,夜间弱光区域行人目标短暂漏检，制动和避让决策出现延迟。
EVT_0164,VH_021,2026-01-02T03:08:00,夜间行人漏检,夜间,城市道路,37.43,-2.89,3.06,false,false,0.808,pedestrian,0.351,2.19,0.139,弱光行人目标漏检风险,迟滞避让,夜间弱光区域行人目标短暂漏检，制动和避让决策出现延迟。
EVT_0165,VH_022,2026-01-02T03:15:00,夜间行人漏检,夜间,城市道路,49.92,-1.64,10.00,false,false,0.884,pedestrian,0.456,0.84,-0.157,弱光行人目标漏检风险,迟滞避让,夜间弱光区域行人目标短暂漏检，制动和避让决策出现延迟。
EVT_0166,VH_023,2026-01-02T03:22:00,夜间行人漏检,夜间,城市道路,25.67,-4.07,-3.47,true,false,0.736,pedestrian,0.253,1.53,-0.004,弱光行人目标漏检风险,迟滞避让,夜间弱光区域行人目标短暂漏检，制动和避让决策出现延迟。
EVT_0167,VH_024,2026-01-02T03:29:00,夜间行人漏检,夜间,城市道路,38.16,-2.82,3.47,false,false,0.812,pedestrian,0.358,2.23,0.148,弱光行人目标漏检风险,迟滞避让,夜间弱光区域行人目标短暂漏检，制动和避让决策出现延迟。
EVT_0168,VH_025,2026-01-02T03:36:00,夜间行人漏检,夜间,城市道路,50.65,-1.57,-10.00,false,false,0.889,pedestrian,0.462,0.88,-0.148,弱光行人目标漏检风险,迟滞避让,夜间弱光区域行人目标短暂漏检，制动和避让决策出现延迟。
EVT_0169,VH_026,2026-01-02T03:43:00,夜间行人漏检,夜间,城市道路,26.41,-3.99,-3.06,false,true,0.740,pedestrian,0.260,1.58,0.004,弱光行人目标漏检风险,迟滞避让,夜间弱光区域行人目标短暂漏检，制动和避让决策出现延迟。
EVT_0170,VH_027,2026-01-02T03:50:00,夜间行人漏检,夜间,城市道路,38.90,-2.74,3.88,false,false,0.817,pedestrian,0.364,2.27,0.157,弱光行人目标漏检风险,迟滞避让,夜间弱光区域行人目标短暂漏检，制动和避让决策出现延迟。
EVT_0171,VH_028,2026-01-02T03:57:00,夜间行人漏检,夜间,城市道路,51.39,-1.49,-9.59,true,false,0.893,pedestrian,0.468,0.92,-0.139,弱光行人目标漏检风险,迟滞避让,夜间弱光区域行人目标短暂漏检，制动和避让决策出现延迟。
EVT_0172,VH_029,2026-01-02T04:04:00,夜间行人漏检,夜间,城市道路,27.14,-3.92,-2.65,false,false,0.745,pedestrian,0.266,1.62,0.013,弱光行人目标漏检风险,迟滞避让,夜间弱光区域行人目标短暂漏检，制动和避让决策出现延迟。
EVT_0173,VH_030,2026-01-02T04:11:00,夜间行人漏检,夜间,城市道路,39.63,-2.67,4.29,false,false,0.821,pedestrian,0.370,2.31,0.166,弱光行人目标漏检风险,迟滞避让,夜间弱光区域行人目标短暂漏检，制动和避让决策出现延迟。
EVT_0174,VH_031,2026-01-02T04:18:00,夜间行人漏检,夜间,城市道路,52.12,-1.42,-9.18,false,false,0.898,pedestrian,0.474,0.96,-0.130,弱光行人目标漏检风险,迟滞避让,夜间弱光区域行人目标短暂漏检，制动和避让决策出现延迟。
EVT_0175,VH_032,2026-01-02T04:25:00,夜间行人漏检,夜间,城市道路,27.88,-3.84,-2.24,false,false,0.749,pedestrian,0.272,1.66,0.022,弱光行人目标漏检风险,迟滞避让,夜间弱光区域行人目标短暂漏检，制动和避让决策出现延迟。
EVT_0176,VH_033,2026-01-02T04:32:00,夜间行人漏检,夜间,城市道路,40.37,-2.60,4.69,true,false,0.826,pedestrian,0.376,2.35,0.175,弱光行人目标漏检风险,迟滞避让,夜间弱光区域行人目标短暂漏检，制动和避让决策出现延迟。
EVT_0177,VH_034,2026-01-02T04:39:00,夜间行人漏检,夜间,城市道路,52.86,-1.35,-8.78,false,false,0.902,pedestrian,0.480,1.00,-0.121,弱光行人目标漏检风险,迟滞避让,夜间弱光区域行人目标短暂漏检，制动和避让决策出现延迟。
EVT_0178,VH_035,2026-01-02T04:46:00,夜间行人漏检,夜间,城市道路,28.61,-3.77,-1.84,false,true,0.754,pedestrian,0.278,1.70,0.031,弱光行人目标漏检风险,迟滞避让,夜间弱光区域行人目标短暂漏检，制动和避让决策出现延迟。
EVT_0179,VH_036,2026-01-02T04:53:00,夜间行人漏检,夜间,城市道路,41.10,-2.52,5.10,false,false,0.830,pedestrian,0.382,2.39,0.184,弱光行人目标漏检风险,迟滞避让,夜间弱光区域行人目标短暂漏检，制动和避让决策出现延迟。
EVT_0180,VH_001,2026-01-02T05:00:00,夜间行人漏检,夜间,城市道路,53.59,-1.27,-8.37,false,false,0.907,pedestrian,0.180,1.04,-0.112,弱光行人目标漏检风险,迟滞避让,夜间弱光区域行人目标短暂漏检，制动和避让决策出现延迟。
EVT_0181,VH_002,2026-01-02T05:07:00,夜间行人漏检,夜间,城市道路,29.35,-3.70,-1.43,true,false,0.758,pedestrian,0.284,1.74,0.040,弱光行人目标漏检风险,迟滞避让,夜间弱光区域行人目标短暂漏检，制动和避让决策出现延迟。
EVT_0182,VH_003,2026-01-02T05:14:00,夜间行人漏检,夜间,城市道路,41.84,-2.45,5.51,false,false,0.835,pedestrian,0.388,2.43,0.193,弱光行人目标漏检风险,迟滞避让,夜间弱光区域行人目标短暂漏检，制动和避让决策出现延迟。
EVT_0183,VH_004,2026-01-02T05:21:00,夜间行人漏检,夜间,城市道路,54.33,-1.20,-7.96,false,false,0.911,pedestrian,0.186,1.09,-0.103,弱光行人目标漏检风险,迟滞避让,夜间弱光区域行人目标短暂漏检，制动和避让决策出现延迟。
EVT_0184,VH_005,2026-01-02T05:28:00,夜间行人漏检,夜间,城市道路,30.08,-3.62,-1.02,false,false,0.763,pedestrian,0.290,1.78,0.049,弱光行人目标漏检风险,迟滞避让,夜间弱光区域行人目标短暂漏检，制动和避让决策出现延迟。
EVT_0185,VH_006,2026-01-02T05:35:00,夜间行人漏检,夜间,城市道路,42.57,-2.38,5.92,false,false,0.839,pedestrian,0.394,2.47,0.202,弱光行人目标漏检风险,迟滞避让,夜间弱光区域行人目标短暂漏检，制动和避让决策出现延迟。
EVT_0186,VH_007,2026-01-02T05:42:00,夜间行人漏检,夜间,城市道路,55.06,-4.80,-7.55,true,false,0.916,pedestrian,0.192,1.13,-0.094,弱光行人目标漏检风险,迟滞避让,夜间弱光区域行人目标短暂漏检，制动和避让决策出现延迟。
EVT_0187,VH_008,2026-01-02T05:49:00,夜间行人漏检,夜间,城市道路,30.82,-3.55,-0.61,false,true,0.767,pedestrian,0.296,1.82,0.058,弱光行人目标漏检风险,迟滞避让,夜间弱光区域行人目标短暂漏检，制动和避让决策出现延迟。
EVT_0188,VH_009,2026-01-02T05:56:00,夜间行人漏检,夜间,城市道路,43.31,-2.30,6.33,false,false,0.844,pedestrian,0.400,2.51,0.211,弱光行人目标漏检风险,迟滞避让,夜间弱光区域行人目标短暂漏检，制动和避让决策出现延迟。
EVT_0189,VH_010,2026-01-02T06:03:00,夜间行人漏检,夜间,城市道路,55.80,-4.73,-7.14,false,false,0.920,pedestrian,0.198,1.17,-0.085,弱光行人目标漏检风险,迟滞避让,夜间弱光区域行人目标短暂漏检，制动和避让决策出现延迟。
EVT_0190,VH_011,2026-01-02T06:10:00,夜间行人漏检,夜间,城市道路,31.55,-3.48,-0.20,false,false,0.772,pedestrian,0.302,1.86,0.067,弱光行人目标漏检风险,迟滞避让,夜间弱光区域行人目标短暂漏检，制动和避让决策出现延迟。
EVT_0191,VH_012,2026-01-02T06:17:00,夜间行人漏检,夜间,城市道路,44.04,-2.23,6.73,true,false,0.848,pedestrian,0.407,2.56,0.220,弱光行人目标漏检风险,迟滞避让,夜间弱光区域行人目标短暂漏检，制动和避让决策出现延迟。
EVT_0192,VH_013,2026-01-02T06:24:00,夜间行人漏检,夜间,城市道路,56.53,-4.65,-6.73,false,false,0.700,pedestrian,0.204,1.21,-0.076,弱光行人目标漏检风险,迟滞避让,夜间弱光区域行人目标短暂漏检，制动和避让决策出现延迟。
EVT_0193,VH_014,2026-01-02T06:31:00,夜间行人漏检,夜间,城市道路,32.29,-3.40,0.20,false,false,0.776,pedestrian,0.309,1.90,0.076,弱光行人目标漏检风险,迟滞避让,夜间弱光区域行人目标短暂漏检，制动和避让决策出现延迟。
EVT_0194,VH_015,2026-01-02T06:38:00,夜间行人漏检,夜间,城市道路,44.78,-2.16,7.14,false,false,0.853,pedestrian,0.413,2.60,-0.220,弱光行人目标漏检风险,迟滞避让,夜间弱光区域行人目标短暂漏检，制动和避让决策出现延迟。
EVT_0195,VH_016,2026-01-02T06:45:00,夜间行人漏检,夜间,城市道路,57.27,-4.58,-6.33,false,false,0.704,pedestrian,0.211,1.25,-0.067,弱光行人目标漏检风险,迟滞避让,夜间弱光区域行人目标短暂漏检，制动和避让决策出现延迟。
EVT_0196,VH_017,2026-01-02T06:52:00,夜间行人漏检,夜间,城市道路,33.02,-3.33,0.61,true,true,0.781,pedestrian,0.315,1.94,0.085,弱光行人目标漏检风险,迟滞避让,夜间弱光区域行人目标短暂漏检，制动和避让决策出现延迟。
EVT_0197,VH_018,2026-01-02T06:59:00,夜间行人漏检,夜间,城市道路,45.51,-2.08,7.55,false,false,0.857,pedestrian,0.419,2.64,-0.211,弱光行人目标漏检风险,迟滞避让,夜间弱光区域行人目标短暂漏检，制动和避让决策出现延迟。
EVT_0198,VH_019,2026-01-02T07:06:00,夜间行人漏检,夜间,城市道路,58.00,-4.51,-5.92,false,false,0.709,pedestrian,0.217,1.29,-0.058,弱光行人目标漏检风险,迟滞避让,夜间弱光区域行人目标短暂漏检，制动和避让决策出现延迟。
EVT_0199,VH_020,2026-01-02T07:13:00,夜间行人漏检,夜间,城市道路,33.76,-3.26,1.02,false,false,0.785,pedestrian,0.321,1.98,0.094,弱光行人目标漏检风险,迟滞避让,夜间弱光区域行人目标短暂漏检，制动和避让决策出现延迟。
EVT_0200,VH_021,2026-01-02T07:20:00,夜间行人漏检,夜间,城市道路,46.24,-2.01,7.96,false,false,0.862,pedestrian,0.425,2.68,-0.202,弱光行人目标漏检风险,迟滞避让,夜间弱光区域行人目标短暂漏检，制动和避让决策出现延迟。
EVT_0201,VH_022,2026-01-02T07:27:00,匝道规划轨迹偏移,阴,匝道,35.00,-3.11,-9.92,true,false,0.635,none,0.017,5.33,0.514,匝道边界识别正常,规划轨迹横向偏移,匝道曲率变化处规划轨迹横向偏移，车辆贴近车道边界。
EVT_0202,VH_023,2026-01-02T07:34:00,匝道规划轨迹偏移,阴,匝道,47.84,-2.14,2.57,false,false,0.718,none,0.059,7.06,0.687,匝道边界识别正常,规划轨迹横向偏移,匝道曲率变化处规划轨迹横向偏移，车辆贴近车道边界。
EVT_0203,VH_024,2026-01-02T07:41:00,匝道规划轨迹偏移,阴,匝道,60.67,-1.17,15.06,false,false,0.801,none,0.100,8.80,0.351,匝道边界识别正常,规划轨迹横向偏移,匝道曲率变化处规划轨迹横向偏移，车辆贴近车道边界。
EVT_0204,VH_025,2026-01-02T07:48:00,匝道规划轨迹偏移,阴,匝道,35.76,-3.06,-9.18,false,false,0.640,none,0.020,5.43,0.524,匝道边界识别正常,规划轨迹横向偏移,匝道曲率变化处规划轨迹横向偏移，车辆贴近车道边界。
EVT_0205,VH_026,2026-01-02T07:55:00,匝道规划轨迹偏移,阴,匝道,48.59,-2.09,3.31,true,false,0.723,none,0.061,7.16,0.698,匝道边界识别正常,规划轨迹横向偏移,匝道曲率变化处规划轨迹横向偏移，车辆贴近车道边界。
EVT_0206,VH_027,2026-01-02T08:02:00,匝道规划轨迹偏移,阴,匝道,61.43,-1.11,15.80,false,false,0.806,none,0.103,8.90,0.361,匝道边界识别正常,规划轨迹横向偏移,匝道曲率变化处规划轨迹横向偏移，车辆贴近车道边界。
EVT_0207,VH_028,2026-01-02T08:09:00,匝道规划轨迹偏移,阴,匝道,36.51,-3.00,-8.45,false,false,0.644,none,0.022,5.53,0.534,匝道边界识别正常,规划轨迹横向偏移,匝道曲率变化处规划轨迹横向偏移，车辆贴近车道边界。
EVT_0208,VH_029,2026-01-02T08:16:00,匝道规划轨迹偏移,阴,匝道,49.35,-2.03,4.04,false,false,0.728,none,0.064,7.27,0.708,匝道边界识别正常,规划轨迹横向偏移,匝道曲率变化处规划轨迹横向偏移，车辆贴近车道边界。
EVT_0209,VH_030,2026-01-02T08:23:00,匝道规划轨迹偏移,阴,匝道,62.18,-1.06,16.53,true,false,0.811,none,0.105,9.00,0.371,匝道边界识别正常,规划轨迹横向偏移,匝道曲率变化处规划轨迹横向偏移，车辆贴近车道边界。
EVT_0210,VH_031,2026-01-02T08:30:00,匝道规划轨迹偏移,阴,匝道,37.27,-2.94,-7.71,false,false,0.649,none,0.024,5.63,0.544,匝道边界识别正常,规划轨迹横向偏移,匝道曲率变化处规划轨迹横向偏移，车辆贴近车道边界。
EVT_0211,VH_032,2026-01-02T08:37:00,匝道规划轨迹偏移,阴,匝道,50.10,-1.97,4.78,false,false,0.733,none,0.066,7.37,0.718,匝道边界识别正常,规划轨迹横向偏移,匝道曲率变化处规划轨迹横向偏移，车辆贴近车道边界。
EVT_0212,VH_033,2026-01-02T08:44:00,匝道规划轨迹偏移,阴,匝道,62.94,-1.00,17.27,false,false,0.816,none,0.108,4.00,0.381,匝道边界识别正常,规划轨迹横向偏移,匝道曲率变化处规划轨迹横向偏移，车辆贴近车道边界。
EVT_0213,VH_034,2026-01-02T08:51:00,匝道规划轨迹偏移,阴,匝道,38.02,-2.89,-6.98,true,false,0.654,none,0.027,5.73,0.555,匝道边界识别正常,规划轨迹横向偏移,匝道曲率变化处规划轨迹横向偏移，车辆贴近车道边界。
EVT_0214,VH_035,2026-01-02T08:58:00,匝道规划轨迹偏移,阴,匝道,50.86,-1.91,5.51,false,false,0.738,none,0.069,7.47,0.728,匝道边界识别正常,规划轨迹横向偏移,匝道曲率变化处规划轨迹横向偏移，车辆贴近车道边界。
EVT_0215,VH_036,2026-01-02T09:05:00,匝道规划轨迹偏移,阴,匝道,63.69,-0.94,18.00,false,false,0.821,none,0.110,4.10,0.391,匝道边界识别正常,规划轨迹横向偏移,匝道曲率变化处规划轨迹横向偏移，车辆贴近车道边界。
EVT_0216,VH_001,2026-01-02T09:12:00,匝道规划轨迹偏移,阴,匝道,38.78,-2.83,-6.24,false,false,0.659,none,0.029,5.84,0.565,匝道边界识别正常,规划轨迹横向偏移,匝道曲率变化处规划轨迹横向偏移，车辆贴近车道边界。
EVT_0217,VH_002,2026-01-02T09:19:00,匝道规划轨迹偏移,阴,匝道,51.61,-1.86,6.24,true,false,0.742,none,0.071,7.57,0.738,匝道边界识别正常,规划轨迹横向偏移,匝道曲率变化处规划轨迹横向偏移，车辆贴近车道边界。
EVT_0218,VH_003,2026-01-02T09:26:00,匝道规划轨迹偏移,阴,匝道,64.45,-0.89,-18.00,false,false,0.826,none,0.113,4.20,0.402,匝道边界识别正常,规划轨迹横向偏移,匝道曲率变化处规划轨迹横向偏移，车辆贴近车道边界。
EVT_0219,VH_004,2026-01-02T09:33:00,匝道规划轨迹偏移,阴,匝道,39.53,-2.77,-5.51,false,false,0.664,none,0.032,5.94,0.575,匝道边界识别正常,规划轨迹横向偏移,匝道曲率变化处规划轨迹横向偏移，车辆贴近车道边界。
EVT_0220,VH_005,2026-01-02T09:40:00,匝道规划轨迹偏移,阴,匝道,52.37,-1.80,6.98,false,false,0.747,none,0.073,7.67,0.749,匝道边界识别正常,规划轨迹横向偏移,匝道曲率变化处规划轨迹横向偏移，车辆贴近车道边界。
EVT_0221,VH_006,2026-01-02T09:47:00,匝道规划轨迹偏移,阴,匝道,65.20,-0.83,-17.27,true,false,0.831,none,0.115,4.31,0.412,匝道边界识别正常,规划轨迹横向偏移,匝道曲率变化处规划轨迹横向偏移，车辆贴近车道边界。
EVT_0222,VH_007,2026-01-02T09:54:00,匝道规划轨迹偏移,阴,匝道,40.29,-2.71,-4.78,false,false,0.669,none,0.034,6.04,0.585,匝道边界识别正常,规划轨迹横向偏移,匝道曲率变化处规划轨迹横向偏移，车辆贴近车道边界。
EVT_0223,VH_008,2026-01-02T10:01:00,匝道规划轨迹偏移,阴,匝道,53.12,-1.74,7.71,false,false,0.752,none,0.076,7.78,0.759,匝道边界识别正常,规划轨迹横向偏移,匝道曲率变化处规划轨迹横向偏移，车辆贴近车道边界。
EVT_0224,VH_009,2026-01-02T10:08:00,匝道规划轨迹偏移,阴,匝道,65.96,-0.77,-16.53,false,false,0.836,none,0.118,4.41,0.422,匝道边界识别正常,规划轨迹横向偏移,匝道曲率变化处规划轨迹横向偏移，车辆贴近车道边界。
EVT_0225,VH_010,2026-01-02T10:15:00,匝道规划轨迹偏移,阴,匝道,41.04,-2.66,-4.04,true,false,0.674,none,0.037,6.14,0.596,匝道边界识别正常,规划轨迹横向偏移,匝道曲率变化处规划轨迹横向偏移，车辆贴近车道边界。
EVT_0226,VH_011,2026-01-02T10:22:00,匝道规划轨迹偏移,阴,匝道,53.88,-1.69,8.45,false,false,0.757,none,0.078,7.88,0.769,匝道边界识别正常,规划轨迹横向偏移,匝道曲率变化处规划轨迹横向偏移，车辆贴近车道边界。
EVT_0227,VH_012,2026-01-02T10:29:00,匝道规划轨迹偏移,阴,匝道,66.71,-0.71,-15.80,false,false,0.840,none,0.120,4.51,0.432,匝道边界识别正常,规划轨迹横向偏移,匝道曲率变化处规划轨迹横向偏移，车辆贴近车道边界。
EVT_0228,VH_013,2026-01-02T10:36:00,匝道规划轨迹偏移,阴,匝道,41.80,-2.60,-3.31,false,false,0.679,none,0.039,6.24,0.606,匝道边界识别正常,规划轨迹横向偏移,匝道曲率变化处规划轨迹横向偏移，车辆贴近车道边界。
EVT_0229,VH_014,2026-01-02T10:43:00,匝道规划轨迹偏移,阴,匝道,54.63,-1.63,9.18,true,false,0.762,none,0.081,7.98,0.779,匝道边界识别正常,规划轨迹横向偏移,匝道曲率变化处规划轨迹横向偏移，车辆贴近车道边界。
EVT_0230,VH_015,2026-01-02T10:50:00,匝道规划轨迹偏移,阴,匝道,67.47,-0.66,-15.06,false,false,0.845,none,0.000,4.61,0.442,匝道边界识别正常,规划轨迹横向偏移,匝道曲率变化处规划轨迹横向偏移，车辆贴近车道边界。
EVT_0231,VH_016,2026-01-02T10:57:00,匝道规划轨迹偏移,阴,匝道,42.55,-2.54,-2.57,false,false,0.684,none,0.042,6.35,0.616,匝道边界识别正常,规划轨迹横向偏移,匝道曲率变化处规划轨迹横向偏移，车辆贴近车道边界。
EVT_0232,VH_017,2026-01-02T11:04:00,匝道规划轨迹偏移,阴,匝道,55.39,-1.57,9.92,false,false,0.767,none,0.083,8.08,0.789,匝道边界识别正常,规划轨迹横向偏移,匝道曲率变化处规划轨迹横向偏移，车辆贴近车道边界。
EVT_0233,VH_018,2026-01-02T11:11:00,匝道规划轨迹偏移,阴,匝道,68.22,-0.60,-14.33,true,false,0.850,none,0.002,4.71,0.453,匝道边界识别正常,规划轨迹横向偏移,匝道曲率变化处规划轨迹横向偏移，车辆贴近车道边界。
EVT_0234,VH_019,2026-01-02T11:18:00,匝道规划轨迹偏移,阴,匝道,43.31,-2.49,-1.84,false,false,0.689,none,0.044,6.45,0.626,匝道边界识别正常,规划轨迹横向偏移,匝道曲率变化处规划轨迹横向偏移，车辆贴近车道边界。
EVT_0235,VH_020,2026-01-02T11:25:00,匝道规划轨迹偏移,阴,匝道,56.14,-1.51,10.65,false,false,0.772,none,0.086,8.18,0.800,匝道边界识别正常,规划轨迹横向偏移,匝道曲率变化处规划轨迹横向偏移，车辆贴近车道边界。
EVT_0236,VH_021,2026-01-02T11:32:00,匝道规划轨迹偏移,阴,匝道,68.98,-3.40,-13.59,false,false,0.855,none,0.005,4.82,0.463,匝道边界识别正常,规划轨迹横向偏移,匝道曲率变化处规划轨迹横向偏移，车辆贴近车道边界。
EVT_0237,VH_022,2026-01-02T11:39:00,匝道规划轨迹偏移,阴,匝道,44.06,-2.43,-1.10,true,false,0.693,none,0.047,6.55,0.636,匝道边界识别正常,规划轨迹横向偏移,匝道曲率变化处规划轨迹横向偏移，车辆贴近车道边界。
EVT_0238,VH_023,2026-01-02T11:46:00,匝道规划轨迹偏移,阴,匝道,56.90,-1.46,11.39,false,false,0.777,none,0.088,8.29,0.810,匝道边界识别正常,规划轨迹横向偏移,匝道曲率变化处规划轨迹横向偏移，车辆贴近车道边界。
EVT_0239,VH_024,2026-01-02T11:53:00,匝道规划轨迹偏移,阴,匝道,69.73,-3.34,-12.86,false,false,0.860,none,0.007,4.92,0.473,匝道边界识别正常,规划轨迹横向偏移,匝道曲率变化处规划轨迹横向偏移，车辆贴近车道边界。
EVT_0240,VH_025,2026-01-02T12:00:00,匝道规划轨迹偏移,阴,匝道,44.82,-2.37,-0.37,false,false,0.698,none,0.049,6.65,0.647,匝道边界识别正常,规划轨迹横向偏移,匝道曲率变化处规划轨迹横向偏移，车辆贴近车道边界。
EVT_0241,VH_026,2026-01-02T12:07:00,匝道规划轨迹偏移,阴,匝道,57.65,-1.40,12.12,true,false,0.782,none,0.091,8.39,0.820,匝道边界识别正常,规划轨迹横向偏移,匝道曲率变化处规划轨迹横向偏移，车辆贴近车道边界。
EVT_0242,VH_027,2026-01-02T12:14:00,匝道规划轨迹偏移,阴,匝道,70.49,-3.29,-12.12,false,false,0.620,none,0.010,5.02,0.483,匝道边界识别正常,规划轨迹横向偏移,匝道曲率变化处规划轨迹横向偏移，车辆贴近车道边界。
EVT_0243,VH_028,2026-01-02T12:21:00,匝道规划轨迹偏移,阴,匝道,45.57,-2.31,0.37,false,false,0.703,none,0.051,6.76,0.657,匝道边界识别正常,规划轨迹横向偏移,匝道曲率变化处规划轨迹横向偏移，车辆贴近车道边界。
EVT_0244,VH_029,2026-01-02T12:28:00,匝道规划轨迹偏移,阴,匝道,58.41,-1.34,12.86,false,false,0.787,none,0.093,8.49,0.320,匝道边界识别正常,规划轨迹横向偏移,匝道曲率变化处规划轨迹横向偏移，车辆贴近车道边界。
EVT_0245,VH_030,2026-01-02T12:35:00,匝道规划轨迹偏移,阴,匝道,71.24,-3.23,-11.39,true,false,0.625,none,0.012,5.12,0.493,匝道边界识别正常,规划轨迹横向偏移,匝道曲率变化处规划轨迹横向偏移，车辆贴近车道边界。
EVT_0246,VH_031,2026-01-02T12:42:00,匝道规划轨迹偏移,阴,匝道,46.33,-2.26,1.10,false,false,0.708,none,0.054,6.86,0.667,匝道边界识别正常,规划轨迹横向偏移,匝道曲率变化处规划轨迹横向偏移，车辆贴近车道边界。
EVT_0247,VH_032,2026-01-02T12:49:00,匝道规划轨迹偏移,阴,匝道,59.16,-1.29,13.59,false,false,0.791,none,0.096,8.59,0.330,匝道边界识别正常,规划轨迹横向偏移,匝道曲率变化处规划轨迹横向偏移，车辆贴近车道边界。
EVT_0248,VH_033,2026-01-02T12:56:00,匝道规划轨迹偏移,阴,匝道,72.00,-3.17,-10.65,false,false,0.630,none,0.015,5.22,0.504,匝道边界识别正常,规划轨迹横向偏移,匝道曲率变化处规划轨迹横向偏移，车辆贴近车道边界。
EVT_0249,VH_034,2026-01-02T13:03:00,匝道规划轨迹偏移,阴,匝道,47.08,-2.20,1.84,true,false,0.713,none,0.056,6.96,0.677,匝道边界识别正常,规划轨迹横向偏移,匝道曲率变化处规划轨迹横向偏移，车辆贴近车道边界。
EVT_0250,VH_035,2026-01-02T13:10:00,匝道规划轨迹偏移,阴,匝道,59.92,-1.23,14.33,false,false,0.796,none,0.098,8.69,0.340,匝道边界识别正常,规划轨迹横向偏移,匝道曲率变化处规划轨迹横向偏移，车辆贴近车道边界。
EVT_0251,VH_036,2026-01-02T13:17:00,施工区车道线识别异常,晴,施工区,18.00,-2.74,-7.71,true,false,0.220,cone,0.597,3.83,-0.108,新旧车道线和锥桶边界混淆,车道选择不稳定,施工区临时标线与旧标线并存，车道线识别出现异常跳变。
EVT_0252,VH_001,2026-01-02T13:24:00,施工区车道线识别异常,晴,施工区,30.84,-1.88,2.00,false,false,0.331,cone,0.712,5.56,0.225,新旧车道线和锥桶边界混淆,车道选择不稳定,施工区临时标线与旧标线并存，车道线识别出现异常跳变。
EVT_0253,VH_002,2026-01-02T13:31:00,施工区车道线识别异常,晴,施工区,43.67,-1.01,11.71,false,false,0.442,cone,0.826,7.30,-0.421,新旧车道线和锥桶边界混淆,车道选择不稳定,施工区临时标线与旧标线并存，车道线识别出现异常跳变。
EVT_0254,VH_003,2026-01-02T13:38:00,施工区车道线识别异常,晴,施工区,18.76,-2.69,-7.14,false,false,0.226,cone,0.604,3.93,-0.088,新旧车道线和锥桶边界混淆,车道选择不稳定,施工区临时标线与旧标线并存，车道线识别出现异常跳变。
EVT_0255,VH_004,2026-01-02T13:45:00,施工区车道线识别异常,晴,施工区,31.59,-1.83,2.57,false,false,0.337,cone,0.718,5.66,0.245,新旧车道线和锥桶边界混淆,车道选择不稳定,施工区临时标线与旧标线并存，车道线识别出现异常跳变。
EVT_0256,VH_005,2026-01-02T13:52:00,施工区车道线识别异常,晴,施工区,44.43,-0.96,12.29,false,false,0.448,cone,0.833,7.40,-0.402,新旧车道线和锥桶边界混淆,车道选择不稳定,施工区临时标线与旧标线并存，车道线识别出现异常跳变。
EVT_0257,VH_006,2026-01-02T13:59:00,施工区车道线识别异常,晴,施工区,19.51,-2.64,-6.57,true,false,0.233,cone,0.611,4.03,-0.069,新旧车道线和锥桶边界混淆,车道选择不稳定,施工区临时标线与旧标线并存，车道线识别出现异常跳变。
EVT_0258,VH_007,2026-01-02T14:06:00,施工区车道线识别异常,晴,施工区,32.35,-1.78,3.14,false,false,0.344,cone,0.725,5.77,0.264,新旧车道线和锥桶边界混淆,车道选择不稳定,施工区临时标线与旧标线并存，车道线识别出现异常跳变。
EVT_0259,VH_008,2026-01-02T14:13:00,施工区车道线识别异常,晴,施工区,45.18,-0.91,12.86,false,false,0.455,cone,0.840,7.50,-0.382,新旧车道线和锥桶边界混淆,车道选择不稳定,施工区临时标线与旧标线并存，车道线识别出现异常跳变。
EVT_0260,VH_009,2026-01-02T14:20:00,施工区车道线识别异常,晴,施工区,20.27,-2.59,-6.00,false,false,0.239,cone,0.617,4.13,-0.049,新旧车道线和锥桶边界混淆,车道选择不稳定,施工区临时标线与旧标线并存，车道线识别出现异常跳变。
EVT_0261,VH_010,2026-01-02T14:27:00,施工区车道线识别异常,晴,施工区,33.10,-1.72,3.71,false,false,0.350,cone,0.732,5.87,0.284,新旧车道线和锥桶边界混淆,车道选择不稳定,施工区临时标线与旧标线并存，车道线识别出现异常跳变。
EVT_0262,VH_011,2026-01-02T14:34:00,施工区车道线识别异常,晴,施工区,45.94,-0.86,13.43,false,false,0.461,cone,0.846,2.50,-0.362,新旧车道线和锥桶边界混淆,车道选择不稳定,施工区临时标线与旧标线并存，车道线识别出现异常跳变。
EVT_0263,VH_012,2026-01-02T14:41:00,施工区车道线识别异常,晴,施工区,21.02,-2.54,-5.43,true,false,0.246,cone,0.624,4.23,-0.029,新旧车道线和锥桶边界混淆,车道选择不稳定,施工区临时标线与旧标线并存，车道线识别出现异常跳变。
EVT_0264,VH_013,2026-01-02T14:48:00,施工区车道线识别异常,晴,施工区,33.86,-1.67,4.29,false,false,0.357,cone,0.739,5.97,0.304,新旧车道线和锥桶边界混淆,车道选择不稳定,施工区临时标线与旧标线并存，车道线识别出现异常跳变。
EVT_0265,VH_014,2026-01-02T14:55:00,施工区车道线识别异常,晴,施工区,46.69,-0.81,14.00,false,false,0.468,cone,0.853,2.60,-0.343,新旧车道线和锥桶边界混淆,车道选择不稳定,施工区临时标线与旧标线并存，车道线识别出现异常跳变。
EVT_0266,VH_015,2026-01-02T15:02:00,施工区车道线识别异常,晴,施工区,21.78,-2.49,-4.86,false,false,0.252,cone,0.631,4.34,-0.010,新旧车道线和锥桶边界混淆,车道选择不稳定,施工区临时标线与旧标线并存，车道线识别出现异常跳变。
EVT_0267,VH_016,2026-01-02T15:09:00,施工区车道线识别异常,晴,施工区,34.61,-1.62,4.86,false,false,0.363,cone,0.745,6.07,0.323,新旧车道线和锥桶边界混淆,车道选择不稳定,施工区临时标线与旧标线并存，车道线识别出现异常跳变。
EVT_0268,VH_017,2026-01-02T15:16:00,施工区车道线识别异常,晴,施工区,47.45,-0.76,-14.00,false,false,0.474,cone,0.860,2.70,-0.323,新旧车道线和锥桶边界混淆,车道选择不稳定,施工区临时标线与旧标线并存，车道线识别出现异常跳变。
EVT_0269,VH_018,2026-01-02T15:23:00,施工区车道线识别异常,晴,施工区,22.53,-2.44,-4.29,true,false,0.259,cone,0.638,4.44,0.010,新旧车道线和锥桶边界混淆,车道选择不稳定,施工区临时标线与旧标线并存，车道线识别出现异常跳变。
EVT_0270,VH_019,2026-01-02T15:30:00,施工区车道线识别异常,晴,施工区,35.37,-1.57,5.43,false,false,0.370,cone,0.752,6.17,0.343,新旧车道线和锥桶边界混淆,车道选择不稳定,施工区临时标线与旧标线并存，车道线识别出现异常跳变。
EVT_0271,VH_020,2026-01-02T15:37:00,施工区车道线识别异常,晴,施工区,48.20,-0.70,-13.43,false,false,0.481,cone,0.867,2.81,-0.304,新旧车道线和锥桶边界混淆,车道选择不稳定,施工区临时标线与旧标线并存，车道线识别出现异常跳变。
EVT_0272,VH_021,2026-01-02T15:44:00,施工区车道线识别异常,晴,施工区,23.29,-2.39,-3.71,false,false,0.265,cone,0.644,4.54,0.029,新旧车道线和锥桶边界混淆,车道选择不稳定,施工区临时标线与旧标线并存，车道线识别出现异常跳变。
EVT_0273,VH_022,2026-01-02T15:51:00,施工区车道线识别异常,晴,施工区,36.12,-1.52,6.00,false,false,0.376,cone,0.759,6.28,0.362,新旧车道线和锥桶边界混淆,车道选择不稳定,施工区临时标线与旧标线并存，车道线识别出现异常跳变。
EVT_0274,VH_023,2026-01-02T15:58:00,施工区车道线识别异常,晴,施工区,48.96,-0.65,-12.86,false,false,0.487,cone,0.873,2.91,-0.284,新旧车道线和锥桶边界混淆,车道选择不稳定,施工区临时标线与旧标线并存，车道线识别出现异常跳变。
EVT_0275,VH_024,2026-01-02T16:05:00,施工区车道线识别异常,晴,施工区,24.04,-2.34,-3.14,true,false,0.272,cone,0.651,4.64,0.049,新旧车道线和锥桶边界混淆,车道选择不稳定,施工区临时标线与旧标线并存，车道线识别出现异常跳变。
EVT_0276,VH_025,2026-01-02T16:12:00,施工区车道线识别异常,晴,施工区,36.88,-1.47,6.57,false,false,0.383,cone,0.766,6.38,0.382,新旧车道线和锥桶边界混淆,车道选择不稳定,施工区临时标线与旧标线并存，车道线识别出现异常跳变。
EVT_0277,VH_026,2026-01-02T16:19:00,施工区车道线识别异常,晴,施工区,49.71,-0.60,-12.29,false,false,0.494,cone,0.880,3.01,-0.264,新旧车道线和锥桶边界混淆,车道选择不稳定,施工区临时标线与旧标线并存，车道线识别出现异常跳变。
EVT_0278,VH_027,2026-01-02T16:26:00,施工区车道线识别异常,晴,施工区,24.80,-2.29,-2.57,false,false,0.278,cone,0.658,4.74,0.069,新旧车道线和锥桶边界混淆,车道选择不稳定,施工区临时标线与旧标线并存，车道线识别出现异常跳变。
EVT_0279,VH_028,2026-01-02T16:33:00,施工区车道线识别异常,晴,施工区,37.63,-1.42,7.14,false,false,0.389,cone,0.772,6.48,0.402,新旧车道线和锥桶边界混淆,车道选择不稳定,施工区临时标线与旧标线并存，车道线识别出现异常跳变。
EVT_0280,VH_029,2026-01-02T16:40:00,施工区车道线识别异常,晴,施工区,50.47,-0.55,-11.71,false,false,0.500,cone,0.550,3.11,-0.245,新旧车道线和锥桶边界混淆,车道选择不稳定,施工区临时标线与旧标线并存，车道线识别出现异常跳变。
EVT_0281,VH_030,2026-01-02T16:47:00,施工区车道线识别异常,晴,施工区,25.55,-2.23,-2.00,true,false,0.285,cone,0.664,4.85,0.088,新旧车道线和锥桶边界混淆,车道选择不稳定,施工区临时标线与旧标线并存，车道线识别出现异常跳变。
EVT_0282,VH_031,2026-01-02T16:54:00,施工区车道线识别异常,晴,施工区,38.39,-1.37,7.71,false,false,0.396,cone,0.779,6.58,0.421,新旧车道线和锥桶边界混淆,车道选择不稳定,施工区临时标线与旧标线并存，车道线识别出现异常跳变。
EVT_0283,VH_032,2026-01-02T17:01:00,施工区车道线识别异常,晴,施工区,51.22,-0.50,-11.14,false,false,0.507,cone,0.557,3.21,-0.225,新旧车道线和锥桶边界混淆,车道选择不稳定,施工区临时标线与旧标线并存，车道线识别出现异常跳变。
EVT_0284,VH_033,2026-01-02T17:08:00,施工区车道线识别异常,晴,施工区,26.31,-2.18,-1.43,false,false,0.291,cone,0.671,4.95,0.108,新旧车道线和锥桶边界混淆,车道选择不稳定,施工区临时标线与旧标线并存，车道线识别出现异常跳变。
EVT_0285,VH_034,2026-01-02T17:15:00,施工区车道线识别异常,晴,施工区,39.14,-1.32,8.29,false,false,0.402,cone,0.786,6.68,0.441,新旧车道线和锥桶边界混淆,车道选择不稳定,施工区临时标线与旧标线并存，车道线识别出现异常跳变。
EVT_0286,VH_035,2026-01-02T17:22:00,施工区车道线识别异常,晴,施工区,51.98,-3.00,-10.57,false,false,0.513,cone,0.563,3.32,-0.206,新旧车道线和锥桶边界混淆,车道选择不稳定,施工区临时标线与旧标线并存，车道线识别出现异常跳变。
EVT_0287,VH_036,2026-01-02T17:29:00,施工区车道线识别异常,晴,施工区,27.06,-2.13,-0.86,true,false,0.298,cone,0.678,5.05,0.127,新旧车道线和锥桶边界混淆,车道选择不稳定,施工区临时标线与旧标线并存，车道线识别出现异常跳变。
EVT_0288,VH_001,2026-01-02T17:36:00,施工区车道线识别异常,晴,施工区,39.90,-1.27,8.86,false,false,0.409,cone,0.792,6.79,0.460,新旧车道线和锥桶边界混淆,车道选择不稳定,施工区临时标线与旧标线并存，车道线识别出现异常跳变。
EVT_0289,VH_002,2026-01-02T17:43:00,施工区车道线识别异常,晴,施工区,52.73,-2.95,-10.00,false,false,0.520,cone,0.570,3.42,-0.186,新旧车道线和锥桶边界混淆,车道选择不稳定,施工区临时标线与旧标线并存，车道线识别出现异常跳变。
EVT_0290,VH_003,2026-01-02T17:50:00,施工区车道线识别异常,晴,施工区,27.82,-2.08,-0.29,false,false,0.304,cone,0.685,5.15,0.147,新旧车道线和锥桶边界混淆,车道选择不稳定,施工区临时标线与旧标线并存，车道线识别出现异常跳变。
EVT_0291,VH_004,2026-01-02T17:57:00,施工区车道线识别异常,晴,施工区,40.65,-1.21,9.43,false,false,0.416,cone,0.799,6.89,0.480,新旧车道线和锥桶边界混淆,车道选择不稳定,施工区临时标线与旧标线并存，车道线识别出现异常跳变。
EVT_0292,VH_005,2026-01-02T18:04:00,施工区车道线识别异常,晴,施工区,53.49,-2.90,-9.43,false,false,0.200,cone,0.577,3.52,-0.167,新旧车道线和锥桶边界混淆,车道选择不稳定,施工区临时标线与旧标线并存，车道线识别出现异常跳变。
EVT_0293,VH_006,2026-01-02T18:11:00,施工区车道线识别异常,晴,施工区,28.57,-2.03,0.29,true,false,0.311,cone,0.691,5.26,0.167,新旧车道线和锥桶边界混淆,车道选择不稳定,施工区临时标线与旧标线并存，车道线识别出现异常跳变。
EVT_0294,VH_007,2026-01-02T18:18:00,施工区车道线识别异常,晴,施工区,41.41,-1.16,10.00,false,false,0.422,cone,0.806,6.99,-0.480,新旧车道线和锥桶边界混淆,车道选择不稳定,施工区临时标线与旧标线并存，车道线识别出现异常跳变。
EVT_0295,VH_008,2026-01-02T18:25:00,施工区车道线识别异常,晴,施工区,54.24,-2.85,-8.86,false,false,0.207,cone,0.584,3.62,-0.147,新旧车道线和锥桶边界混淆,车道选择不稳定,施工区临时标线与旧标线并存，车道线识别出现异常跳变。
EVT_0296,VH_009,2026-01-02T18:32:00,施工区车道线识别异常,晴,施工区,29.33,-1.98,0.86,false,false,0.318,cone,0.698,5.36,0.186,新旧车道线和锥桶边界混淆,车道选择不稳定,施工区临时标线与旧标线并存，车道线识别出现异常跳变。
EVT_0297,VH_010,2026-01-02T18:39:00,施工区车道线识别异常,晴,施工区,42.16,-1.11,10.57,false,false,0.429,cone,0.813,7.09,-0.460,新旧车道线和锥桶边界混淆,车道选择不稳定,施工区临时标线与旧标线并存，车道线识别出现异常跳变。
EVT_0298,VH_011,2026-01-02T18:46:00,施工区车道线识别异常,晴,施工区,55.00,-2.80,-8.29,false,false,0.213,cone,0.590,3.72,-0.127,新旧车道线和锥桶边界混淆,车道选择不稳定,施工区临时标线与旧标线并存，车道线识别出现异常跳变。
EVT_0299,VH_012,2026-01-02T18:53:00,施工区车道线识别异常,晴,施工区,30.08,-1.93,1.43,true,false,0.324,cone,0.705,5.46,0.206,新旧车道线和锥桶边界混淆,车道选择不稳定,施工区临时标线与旧标线并存，车道线识别出现异常跳变。
EVT_0300,VH_013,2026-01-02T19:00:00,施工区车道线识别异常,晴,施工区,42.92,-1.06,11.14,false,false,0.435,cone,0.819,7.19,-0.441,新旧车道线和锥桶边界混淆,车道选择不稳定,施工区临时标线与旧标线并存，车道线识别出现异常跳变。
EVT_0301,VH_014,2026-01-02T19:07:00,ACC 跟车不平顺,晴,城市快速路,45.00,-3.85,-1.65,true,false,0.811,vehicle,0.751,1.89,-0.022,前车距离估计稳定,加减速请求抖动,ACC 跟车过程中加减速请求频繁切换，乘坐体感不平顺。
EVT_0302,VH_015,2026-01-02T19:14:00,ACC 跟车不平顺,晴,城市快速路,62.35,-2.67,0.43,false,false,0.873,vehicle,0.828,2.79,0.047,前车距离估计稳定,加减速请求抖动,ACC 跟车过程中加减速请求频繁切换，乘坐体感不平顺。
EVT_0303,VH_016,2026-01-02T19:21:00,ACC 跟车不平顺,晴,城市快速路,79.69,-1.49,2.51,false,false,0.936,vehicle,0.904,3.69,-0.088,前车距离估计稳定,加减速请求抖动,ACC 跟车过程中加减速请求频繁切换，乘坐体感不平顺。
EVT_0304,VH_017,2026-01-02T19:28:00,ACC 跟车不平顺,晴,城市快速路,46.02,-3.78,-1.53,false,false,0.815,vehicle,0.756,1.94,-0.018,前车距离估计稳定,加减速请求抖动,ACC 跟车过程中加减速请求频繁切换，乘坐体感不平顺。
EVT_0305,VH_018,2026-01-02T19:35:00,ACC 跟车不平顺,晴,城市快速路,63.37,-2.60,0.55,false,false,0.877,vehicle,0.832,2.84,0.051,前车距离估计稳定,加减速请求抖动,ACC 跟车过程中加减速请求频繁切换，乘坐体感不平顺。
EVT_0306,VH_019,2026-01-02T19:42:00,ACC 跟车不平顺,晴,城市快速路,80.71,-1.42,2.63,false,false,0.940,vehicle,0.909,3.75,-0.084,前车距离估计稳定,加减速请求抖动,ACC 跟车过程中加减速请求频繁切换，乘坐体感不平顺。
EVT_0307,VH_020,2026-01-02T19:49:00,ACC 跟车不平顺,晴,城市快速路,47.04,-3.71,-1.41,false,false,0.818,vehicle,0.760,2.00,-0.014,前车距离估计稳定,加减速请求抖动,ACC 跟车过程中加减速请求频繁切换，乘坐体感不平顺。
EVT_0308,VH_021,2026-01-02T19:56:00,ACC 跟车不平顺,晴,城市快速路,64.39,-2.53,0.67,false,false,0.881,vehicle,0.837,2.90,0.055,前车距离估计稳定,加减速请求抖动,ACC 跟车过程中加减速请求频繁切换，乘坐体感不平顺。
EVT_0309,VH_022,2026-01-02T20:03:00,ACC 跟车不平顺,晴,城市快速路,81.73,-1.36,2.76,false,false,0.943,vehicle,0.913,3.80,-0.080,前车距离估计稳定,加减速请求抖动,ACC 跟车过程中加减速请求频繁切换，乘坐体感不平顺。
EVT_0310,VH_023,2026-01-02T20:10:00,ACC 跟车不平顺,晴,城市快速路,48.06,-3.64,-1.29,false,false,0.822,vehicle,0.765,2.05,-0.010,前车距离估计稳定,加减速请求抖动,ACC 跟车过程中加减速请求频繁切换，乘坐体感不平顺。
EVT_0311,VH_024,2026-01-02T20:17:00,ACC 跟车不平顺,晴,城市快速路,65.41,-2.47,0.80,true,false,0.884,vehicle,0.841,2.95,0.059,前车距离估计稳定,加减速请求抖动,ACC 跟车过程中加减速请求频繁切换，乘坐体感不平顺。
EVT_0312,VH_025,2026-01-02T20:24:00,ACC 跟车不平顺,晴,城市快速路,82.76,-1.29,2.88,false,false,0.947,vehicle,0.918,1.20,-0.076,前车距离估计稳定,加减速请求抖动,ACC 跟车过程中加减速请求频繁切换，乘坐体感不平顺。
EVT_0313,VH_026,2026-01-02T20:31:00,ACC 跟车不平顺,晴,城市快速路,49.08,-3.58,-1.16,false,false,0.826,vehicle,0.769,2.10,-0.006,前车距离估计稳定,加减速请求抖动,ACC 跟车过程中加减速请求频繁切换，乘坐体感不平顺。
EVT_0314,VH_027,2026-01-02T20:38:00,ACC 跟车不平顺,晴,城市快速路,66.43,-2.40,0.92,false,false,0.888,vehicle,0.846,3.00,0.063,前车距离估计稳定,加减速请求抖动,ACC 跟车过程中加减速请求频繁切换，乘坐体感不平顺。
EVT_0315,VH_028,2026-01-02T20:45:00,ACC 跟车不平顺,晴,城市快速路,83.78,-1.22,3.00,false,false,0.951,vehicle,0.922,1.25,-0.071,前车距离估计稳定,加减速请求抖动,ACC 跟车过程中加减速请求频繁切换，乘坐体感不平顺。
EVT_0316,VH_029,2026-01-02T20:52:00,ACC 跟车不平顺,晴,城市快速路,50.10,-3.51,-1.04,false,false,0.829,vehicle,0.774,2.16,-0.002,前车距离估计稳定,加减速请求抖动,ACC 跟车过程中加减速请求频繁切换，乘坐体感不平顺。
EVT_0317,VH_030,2026-01-02T20:59:00,ACC 跟车不平顺,晴,城市快速路,67.45,-2.33,1.04,false,false,0.892,vehicle,0.850,3.06,0.067,前车距离估计稳定,加减速请求抖动,ACC 跟车过程中加减速请求频繁切换，乘坐体感不平顺。
EVT_0318,VH_031,2026-01-02T21:06:00,ACC 跟车不平顺,晴,城市快速路,84.80,-1.15,-3.00,false,false,0.954,vehicle,0.927,1.31,-0.067,前车距离估计稳定,加减速请求抖动,ACC 跟车过程中加减速请求频繁切换，乘坐体感不平顺。
EVT_0319,VH_032,2026-01-02T21:13:00,ACC 跟车不平顺,晴,城市快速路,51.12,-3.44,-0.92,false,false,0.833,vehicle,0.778,2.21,0.002,前车距离估计稳定,加减速请求抖动,ACC 跟车过程中加减速请求频繁切换，乘坐体感不平顺。
EVT_0320,VH_033,2026-01-02T21:20:00,ACC 跟车不平顺,晴,城市快速路,68.47,-2.26,1.16,false,false,0.896,vehicle,0.855,3.11,0.071,前车距离估计稳定,加减速请求抖动,ACC 跟车过程中加减速请求频繁切换，乘坐体感不平顺。
EVT_0321,VH_034,2026-01-02T21:27:00,ACC 跟车不平顺,晴,城市快速路,85.82,-1.08,-2.88,true,false,0.958,vehicle,0.931,1.36,-0.063,前车距离估计稳定,加减速请求抖动,ACC 跟车过程中加减速请求频繁切换，乘坐体感不平顺。
EVT_0322,VH_035,2026-01-02T21:34:00,ACC 跟车不平顺,晴,城市快速路,52.14,-3.37,-0.80,false,false,0.837,vehicle,0.783,2.26,0.006,前车距离估计稳定,加减速请求抖动,ACC 跟车过程中加减速请求频繁切换，乘坐体感不平顺。
EVT_0323,VH_036,2026-01-02T21:41:00,ACC 跟车不平顺,晴,城市快速路,69.49,-2.19,1.29,false,false,0.899,vehicle,0.859,3.16,0.076,前车距离估计稳定,加减速请求抖动,ACC 跟车过程中加减速请求频繁切换，乘坐体感不平顺。
EVT_0324,VH_001,2026-01-02T21:48:00,ACC 跟车不平顺,晴,城市快速路,86.84,-1.01,-2.76,false,false,0.962,vehicle,0.936,1.41,-0.059,前车距离估计稳定,加减速请求抖动,ACC 跟车过程中加减速请求频繁切换，乘坐体感不平顺。
EVT_0325,VH_002,2026-01-02T21:55:00,ACC 跟车不平顺,晴,城市快速路,53.16,-3.30,-0.67,false,false,0.840,vehicle,0.787,2.31,0.010,前车距离估计稳定,加减速请求抖动,ACC 跟车过程中加减速请求频繁切换，乘坐体感不平顺。
EVT_0326,VH_003,2026-01-02T22:02:00,ACC 跟车不平顺,晴,城市快速路,70.51,-2.12,1.41,false,false,0.903,vehicle,0.864,3.22,0.080,前车距离估计稳定,加减速请求抖动,ACC 跟车过程中加减速请求频繁切换，乘坐体感不平顺。
EVT_0327,VH_004,2026-01-02T22:09:00,ACC 跟车不平顺,晴,城市快速路,87.86,-0.94,-2.63,false,false,0.965,vehicle,0.940,1.47,-0.055,前车距离估计稳定,加减速请求抖动,ACC 跟车过程中加减速请求频繁切换，乘坐体感不平顺。
EVT_0328,VH_005,2026-01-02T22:16:00,ACC 跟车不平顺,晴,城市快速路,54.18,-3.23,-0.55,false,false,0.844,vehicle,0.792,2.37,0.014,前车距离估计稳定,加减速请求抖动,ACC 跟车过程中加减速请求频繁切换，乘坐体感不平顺。
EVT_0329,VH_006,2026-01-02T22:23:00,ACC 跟车不平顺,晴,城市快速路,71.53,-2.05,1.53,false,false,0.907,vehicle,0.868,3.27,0.084,前车距离估计稳定,加减速请求抖动,ACC 跟车过程中加减速请求频繁切换，乘坐体感不平顺。
EVT_0330,VH_007,2026-01-02T22:30:00,ACC 跟车不平顺,晴,城市快速路,88.88,-0.87,-2.51,false,false,0.969,vehicle,0.720,1.52,-0.051,前车距离估计稳定,加减速请求抖动,ACC 跟车过程中加减速请求频繁切换，乘坐体感不平顺。
EVT_0331,VH_008,2026-01-02T22:37:00,ACC 跟车不平顺,晴,城市快速路,55.20,-3.16,-0.43,true,false,0.848,vehicle,0.796,2.42,0.018,前车距离估计稳定,加减速请求抖动,ACC 跟车过程中加减速请求频繁切换，乘坐体感不平顺。
EVT_0332,VH_009,2026-01-02T22:44:00,ACC 跟车不平顺,晴,城市快速路,72.55,-1.98,1.65,false,false,0.910,vehicle,0.873,3.32,0.088,前车距离估计稳定,加减速请求抖动,ACC 跟车过程中加减速请求频繁切换，乘坐体感不平顺。
EVT_0333,VH_010,2026-01-02T22:51:00,ACC 跟车不平顺,晴,城市快速路,89.90,-0.80,-2.39,false,false,0.973,vehicle,0.724,1.57,-0.047,前车距离估计稳定,加减速请求抖动,ACC 跟车过程中加减速请求频繁切换，乘坐体感不平顺。
EVT_0334,VH_011,2026-01-02T22:58:00,ACC 跟车不平顺,晴,城市快速路,56.22,-3.09,-0.31,false,false,0.851,vehicle,0.801,2.47,0.022,前车距离估计稳定,加减速请求抖动,ACC 跟车过程中加减速请求频繁切换，乘坐体感不平顺。
EVT_0335,VH_012,2026-01-02T23:05:00,ACC 跟车不平顺,晴,城市快速路,73.57,-1.91,1.78,false,false,0.914,vehicle,0.877,3.38,0.092,前车距离估计稳定,加减速请求抖动,ACC 跟车过程中加减速请求频繁切换，乘坐体感不平顺。
EVT_0336,VH_013,2026-01-02T23:12:00,ACC 跟车不平顺,晴,城市快速路,90.92,-4.20,-2.27,false,false,0.976,vehicle,0.729,1.62,-0.043,前车距离估计稳定,加减速请求抖动,ACC 跟车过程中加减速请求频繁切换，乘坐体感不平顺。
EVT_0337,VH_014,2026-01-02T23:19:00,ACC 跟车不平顺,晴,城市快速路,57.24,-3.02,-0.18,false,false,0.855,vehicle,0.805,2.53,0.027,前车距离估计稳定,加减速请求抖动,ACC 跟车过程中加减速请求频繁切换，乘坐体感不平顺。
EVT_0338,VH_015,2026-01-02T23:26:00,ACC 跟车不平顺,晴,城市快速路,74.59,-1.84,1.90,false,false,0.918,vehicle,0.882,3.43,0.096,前车距离估计稳定,加减速请求抖动,ACC 跟车过程中加减速请求频繁切换，乘坐体感不平顺。
EVT_0339,VH_016,2026-01-02T23:33:00,ACC 跟车不平顺,晴,城市快速路,91.94,-4.13,-2.14,false,false,0.980,vehicle,0.733,1.68,-0.039,前车距离估计稳定,加减速请求抖动,ACC 跟车过程中加减速请求频繁切换，乘坐体感不平顺。
EVT_0340,VH_017,2026-01-02T23:40:00,ACC 跟车不平顺,晴,城市快速路,58.27,-2.95,-0.06,false,false,0.859,vehicle,0.810,2.58,0.031,前车距离估计稳定,加减速请求抖动,ACC 跟车过程中加减速请求频繁切换，乘坐体感不平顺。
EVT_0341,VH_018,2026-01-02T23:47:00,ACC 跟车不平顺,晴,城市快速路,75.61,-1.77,2.02,true,false,0.921,vehicle,0.886,3.48,0.100,前车距离估计稳定,加减速请求抖动,ACC 跟车过程中加减速请求频繁切换，乘坐体感不平顺。
EVT_0342,VH_019,2026-01-02T23:54:00,ACC 跟车不平顺,晴,城市快速路,92.96,-4.06,-2.02,false,false,0.800,vehicle,0.738,1.73,-0.035,前车距离估计稳定,加减速请求抖动,ACC 跟车过程中加减速请求频繁切换，乘坐体感不平顺。
EVT_0343,VH_020,2026-01-03T00:01:00,ACC 跟车不平顺,晴,城市快速路,59.29,-2.88,0.06,false,false,0.862,vehicle,0.814,2.63,0.035,前车距离估计稳定,加减速请求抖动,ACC 跟车过程中加减速请求频繁切换，乘坐体感不平顺。
EVT_0344,VH_021,2026-01-03T00:08:00,ACC 跟车不平顺,晴,城市快速路,76.63,-1.70,2.14,false,false,0.925,vehicle,0.891,3.53,-0.100,前车距离估计稳定,加减速请求抖动,ACC 跟车过程中加减速请求频繁切换，乘坐体感不平顺。
EVT_0345,VH_022,2026-01-03T00:15:00,ACC 跟车不平顺,晴,城市快速路,93.98,-3.99,-1.90,false,false,0.804,vehicle,0.742,1.78,-0.031,前车距离估计稳定,加减速请求抖动,ACC 跟车过程中加减速请求频繁切换，乘坐体感不平顺。
EVT_0346,VH_023,2026-01-03T00:22:00,ACC 跟车不平顺,晴,城市快速路,60.31,-2.81,0.18,false,false,0.866,vehicle,0.819,2.69,0.039,前车距离估计稳定,加减速请求抖动,ACC 跟车过程中加减速请求频繁切换，乘坐体感不平顺。
EVT_0347,VH_024,2026-01-03T00:29:00,ACC 跟车不平顺,晴,城市快速路,77.65,-1.63,2.27,false,false,0.929,vehicle,0.895,3.59,-0.096,前车距离估计稳定,加减速请求抖动,ACC 跟车过程中加减速请求频繁切换，乘坐体感不平顺。
EVT_0348,VH_025,2026-01-03T00:36:00,ACC 跟车不平顺,晴,城市快速路,95.00,-3.92,-1.78,false,false,0.807,vehicle,0.747,1.84,-0.027,前车距离估计稳定,加减速请求抖动,ACC 跟车过程中加减速请求频繁切换，乘坐体感不平顺。
EVT_0349,VH_026,2026-01-03T00:43:00,ACC 跟车不平顺,晴,城市快速路,61.33,-2.74,0.31,false,false,0.870,vehicle,0.823,2.74,0.043,前车距离估计稳定,加减速请求抖动,ACC 跟车过程中加减速请求频繁切换，乘坐体感不平顺。
EVT_0350,VH_027,2026-01-03T00:50:00,ACC 跟车不平顺,晴,城市快速路,78.67,-1.56,2.39,false,false,0.932,vehicle,0.900,3.64,-0.092,前车距离估计稳定,加减速请求抖动,ACC 跟车过程中加减速请求频繁切换，乘坐体感不平顺。
EVT_0351,VH_028,2026-01-03T00:57:00,NOA 退出,阴,高速,70.00,-3.30,-3.86,true,false,0.468,none,0.014,5.96,-0.054,地图或车道融合置信不足,NOA 功能退出,NOA 场景中地图与感知融合置信不足，系统请求退出并提示驾驶员。
EVT_0352,VH_029,2026-01-03T01:04:00,NOA 退出,阴,高速,84.57,-2.30,1.00,false,false,0.572,none,0.049,7.87,0.113,地图或车道融合置信不足,NOA 功能退出,NOA 场景中地图与感知融合置信不足，系统请求退出并提示驾驶员。
EVT_0353,VH_030,2026-01-03T01:11:00,NOA 退出,阴,高速,99.14,-1.29,5.86,false,false,0.677,none,0.084,9.78,-0.211,地图或车道融合置信不足,NOA 功能退出,NOA 场景中地图与感知融合置信不足，系统请求退出并提示驾驶员。
EVT_0354,VH_031,2026-01-03T01:18:00,NOA 退出,阴,高速,70.86,-3.24,-3.57,true,false,0.474,none,0.016,6.07,-0.044,地图或车道融合置信不足,NOA 功能退出,NOA 场景中地图与感知融合置信不足，系统请求退出并提示驾驶员。
EVT_0355,VH_032,2026-01-03T01:25:00,NOA 退出,阴,高速,85.43,-2.24,1.29,false,false,0.579,none,0.051,7.98,0.122,地图或车道融合置信不足,NOA 功能退出,NOA 场景中地图与感知融合置信不足，系统请求退出并提示驾驶员。
EVT_0356,VH_033,2026-01-03T01:32:00,NOA 退出,阴,高速,100.00,-1.23,6.14,false,false,0.683,none,0.086,9.89,-0.201,地图或车道融合置信不足,NOA 功能退出,NOA 场景中地图与感知融合置信不足，系统请求退出并提示驾驶员。
EVT_0357,VH_034,2026-01-03T01:39:00,NOA 退出,阴,高速,71.71,-3.19,-3.29,true,false,0.481,none,0.018,6.18,-0.034,地图或车道融合置信不足,NOA 功能退出,NOA 场景中地图与感知融合置信不足，系统请求退出并提示驾驶员。
EVT_0358,VH_035,2026-01-03T01:46:00,NOA 退出,阴,高速,86.29,-2.18,1.57,false,false,0.585,none,0.053,8.09,0.132,地图或车道融合置信不足,NOA 功能退出,NOA 场景中地图与感知融合置信不足，系统请求退出并提示驾驶员。
EVT_0359,VH_036,2026-01-03T01:53:00,NOA 退出,阴,高速,100.86,-1.17,6.43,false,false,0.689,none,0.088,10.00,-0.191,地图或车道融合置信不足,NOA 功能退出,NOA 场景中地图与感知融合置信不足，系统请求退出并提示驾驶员。
EVT_0360,VH_001,2026-01-03T02:00:00,NOA 退出,阴,高速,72.57,-3.13,-3.00,true,false,0.487,none,0.020,6.30,-0.024,地图或车道融合置信不足,NOA 功能退出,NOA 场景中地图与感知融合置信不足，系统请求退出并提示驾驶员。
EVT_0361,VH_002,2026-01-03T02:07:00,NOA 退出,阴,高速,87.14,-2.12,1.86,false,false,0.591,none,0.055,8.20,0.142,地图或车道融合置信不足,NOA 功能退出,NOA 场景中地图与感知融合置信不足，系统请求退出并提示驾驶员。
EVT_0362,VH_003,2026-01-03T02:14:00,NOA 退出,阴,高速,101.71,-1.11,6.71,false,false,0.695,none,0.090,4.50,-0.181,地图或车道融合置信不足,NOA 功能退出,NOA 场景中地图与感知融合置信不足，系统请求退出并提示驾驶员。
EVT_0363,VH_004,2026-01-03T02:21:00,NOA 退出,阴,高速,73.43,-3.07,-2.71,true,false,0.493,none,0.022,6.41,-0.015,地图或车道融合置信不足,NOA 功能退出,NOA 场景中地图与感知融合置信不足，系统请求退出并提示驾驶员。
EVT_0364,VH_005,2026-01-03T02:28:00,NOA 退出,阴,高速,88.00,-2.06,2.14,false,false,0.597,none,0.057,8.32,0.152,地图或车道融合置信不足,NOA 功能退出,NOA 场景中地图与感知融合置信不足，系统请求退出并提示驾驶员。
EVT_0365,VH_006,2026-01-03T02:35:00,NOA 退出,阴,高速,102.57,-1.06,7.00,false,false,0.701,none,0.092,4.61,-0.171,地图或车道融合置信不足,NOA 功能退出,NOA 场景中地图与感知融合置信不足，系统请求退出并提示驾驶员。
EVT_0366,VH_007,2026-01-03T02:42:00,NOA 退出,阴,高速,74.29,-3.01,-2.43,true,false,0.499,none,0.024,6.52,-0.005,地图或车道融合置信不足,NOA 功能退出,NOA 场景中地图与感知融合置信不足，系统请求退出并提示驾驶员。
EVT_0367,VH_008,2026-01-03T02:49:00,NOA 退出,阴,高速,88.86,-2.00,2.43,false,false,0.603,none,0.059,8.43,0.162,地图或车道融合置信不足,NOA 功能退出,NOA 场景中地图与感知融合置信不足，系统请求退出并提示驾驶员。
EVT_0368,VH_009,2026-01-03T02:56:00,NOA 退出,阴,高速,103.43,-1.00,-7.00,false,false,0.707,none,0.094,4.72,-0.162,地图或车道融合置信不足,NOA 功能退出,NOA 场景中地图与感知融合置信不足，系统请求退出并提示驾驶员。
EVT_0369,VH_010,2026-01-03T03:03:00,NOA 退出,阴,高速,75.14,-2.95,-2.14,true,false,0.505,none,0.027,6.63,0.005,地图或车道融合置信不足,NOA 功能退出,NOA 场景中地图与感知融合置信不足，系统请求退出并提示驾驶员。
EVT_0370,VH_011,2026-01-03T03:10:00,NOA 退出,阴,高速,89.71,-1.94,2.71,false,false,0.609,none,0.061,8.54,0.171,地图或车道融合置信不足,NOA 功能退出,NOA 场景中地图与感知融合置信不足，系统请求退出并提示驾驶员。
EVT_0371,VH_012,2026-01-03T03:17:00,NOA 退出,阴,高速,104.29,-0.94,-6.71,false,false,0.713,none,0.096,4.84,-0.152,地图或车道融合置信不足,NOA 功能退出,NOA 场景中地图与感知融合置信不足，系统请求退出并提示驾驶员。
EVT_0372,VH_013,2026-01-03T03:24:00,NOA 退出,阴,高速,76.00,-2.89,-1.86,true,false,0.511,none,0.029,6.74,0.015,地图或车道融合置信不足,NOA 功能退出,NOA 场景中地图与感知融合置信不足，系统请求退出并提示驾驶员。
EVT_0373,VH_014,2026-01-03T03:31:00,NOA 退出,阴,高速,90.57,-1.88,3.00,false,false,0.615,none,0.063,8.65,0.181,地图或车道融合置信不足,NOA 功能退出,NOA 场景中地图与感知融合置信不足，系统请求退出并提示驾驶员。
EVT_0374,VH_015,2026-01-03T03:38:00,NOA 退出,阴,高速,105.14,-0.88,-6.43,false,false,0.719,none,0.098,4.95,-0.142,地图或车道融合置信不足,NOA 功能退出,NOA 场景中地图与感知融合置信不足，系统请求退出并提示驾驶员。
EVT_0375,VH_016,2026-01-03T03:45:00,NOA 退出,阴,高速,76.86,-2.83,-1.57,true,false,0.517,none,0.031,6.86,0.024,地图或车道融合置信不足,NOA 功能退出,NOA 场景中地图与感知融合置信不足，系统请求退出并提示驾驶员。
EVT_0376,VH_017,2026-01-03T03:52:00,NOA 退出,阴,高速,91.43,-1.82,3.29,false,false,0.621,none,0.065,8.77,0.191,地图或车道融合置信不足,NOA 功能退出,NOA 场景中地图与感知融合置信不足，系统请求退出并提示驾驶员。
EVT_0377,VH_018,2026-01-03T03:59:00,NOA 退出,阴,高速,106.00,-0.82,-6.14,false,false,0.726,none,0.100,5.06,-0.132,地图或车道融合置信不足,NOA 功能退出,NOA 场景中地图与感知融合置信不足，系统请求退出并提示驾驶员。
EVT_0378,VH_019,2026-01-03T04:06:00,NOA 退出,阴,高速,77.71,-2.77,-1.29,true,false,0.523,none,0.033,6.97,0.034,地图或车道融合置信不足,NOA 功能退出,NOA 场景中地图与感知融合置信不足，系统请求退出并提示驾驶员。
EVT_0379,VH_020,2026-01-03T04:13:00,NOA 退出,阴,高速,92.29,-1.77,3.57,false,false,0.628,none,0.067,8.88,0.201,地图或车道融合置信不足,NOA 功能退出,NOA 场景中地图与感知融合置信不足，系统请求退出并提示驾驶员。
EVT_0380,VH_021,2026-01-03T04:20:00,NOA 退出,阴,高速,106.86,-0.76,-5.86,false,false,0.732,none,0.000,5.17,-0.122,地图或车道融合置信不足,NOA 功能退出,NOA 场景中地图与感知融合置信不足，系统请求退出并提示驾驶员。
EVT_0381,VH_022,2026-01-03T04:27:00,NOA 退出,阴,高速,78.57,-2.71,-1.00,true,false,0.530,none,0.035,7.08,0.044,地图或车道融合置信不足,NOA 功能退出,NOA 场景中地图与感知融合置信不足，系统请求退出并提示驾驶员。
EVT_0382,VH_023,2026-01-03T04:34:00,NOA 退出,阴,高速,93.14,-1.71,3.86,false,false,0.634,none,0.069,8.99,0.211,地图或车道融合置信不足,NOA 功能退出,NOA 场景中地图与感知融合置信不足，系统请求退出并提示驾驶员。
EVT_0383,VH_024,2026-01-03T04:41:00,NOA 退出,阴,高速,107.71,-0.70,-5.57,false,false,0.738,none,0.002,5.29,-0.113,地图或车道融合置信不足,NOA 功能退出,NOA 场景中地图与感知融合置信不足，系统请求退出并提示驾驶员。
EVT_0384,VH_025,2026-01-03T04:48:00,NOA 退出,阴,高速,79.43,-2.65,-0.71,true,false,0.536,none,0.037,7.19,0.054,地图或车道融合置信不足,NOA 功能退出,NOA 场景中地图与感知融合置信不足，系统请求退出并提示驾驶员。
EVT_0385,VH_026,2026-01-03T04:55:00,NOA 退出,阴,高速,94.00,-1.65,4.14,false,false,0.640,none,0.071,9.10,0.220,地图或车道融合置信不足,NOA 功能退出,NOA 场景中地图与感知融合置信不足，系统请求退出并提示驾驶员。
EVT_0386,VH_027,2026-01-03T05:02:00,NOA 退出,阴,高速,108.57,-3.60,-5.29,false,false,0.744,none,0.004,5.40,-0.103,地图或车道融合置信不足,NOA 功能退出,NOA 场景中地图与感知融合置信不足，系统请求退出并提示驾驶员。
EVT_0387,VH_028,2026-01-03T05:09:00,NOA 退出,阴,高速,80.29,-2.59,-0.43,true,false,0.542,none,0.039,7.31,0.064,地图或车道融合置信不足,NOA 功能退出,NOA 场景中地图与感知融合置信不足，系统请求退出并提示驾驶员。
EVT_0388,VH_029,2026-01-03T05:16:00,NOA 退出,阴,高速,94.86,-1.59,4.43,false,false,0.646,none,0.073,9.21,0.230,地图或车道融合置信不足,NOA 功能退出,NOA 场景中地图与感知融合置信不足，系统请求退出并提示驾驶员。
EVT_0389,VH_030,2026-01-03T05:23:00,NOA 退出,阴,高速,109.43,-3.54,-5.00,false,false,0.750,none,0.006,5.51,-0.093,地图或车道融合置信不足,NOA 功能退出,NOA 场景中地图与感知融合置信不足，系统请求退出并提示驾驶员。
EVT_0390,VH_031,2026-01-03T05:30:00,NOA 退出,阴,高速,81.14,-2.53,-0.14,true,false,0.548,none,0.041,7.42,0.073,地图或车道融合置信不足,NOA 功能退出,NOA 场景中地图与感知融合置信不足，系统请求退出并提示驾驶员。
EVT_0391,VH_032,2026-01-03T05:37:00,NOA 退出,阴,高速,95.71,-1.53,4.71,false,false,0.652,none,0.076,9.33,0.240,地图或车道融合置信不足,NOA 功能退出,NOA 场景中地图与感知融合置信不足，系统请求退出并提示驾驶员。
EVT_0392,VH_033,2026-01-03T05:44:00,NOA 退出,阴,高速,110.29,-3.48,-4.71,false,false,0.450,none,0.008,5.62,-0.083,地图或车道融合置信不足,NOA 功能退出,NOA 场景中地图与感知融合置信不足，系统请求退出并提示驾驶员。
EVT_0393,VH_034,2026-01-03T05:51:00,NOA 退出,阴,高速,82.00,-2.48,0.14,true,false,0.554,none,0.043,7.53,0.083,地图或车道融合置信不足,NOA 功能退出,NOA 场景中地图与感知融合置信不足，系统请求退出并提示驾驶员。
EVT_0394,VH_035,2026-01-03T05:58:00,NOA 退出,阴,高速,96.57,-1.47,5.00,false,false,0.658,none,0.078,9.44,-0.240,地图或车道融合置信不足,NOA 功能退出,NOA 场景中地图与感知融合置信不足，系统请求退出并提示驾驶员。
EVT_0395,VH_036,2026-01-03T06:05:00,NOA 退出,阴,高速,111.14,-3.42,-4.43,false,false,0.456,none,0.010,5.73,-0.073,地图或车道融合置信不足,NOA 功能退出,NOA 场景中地图与感知融合置信不足，系统请求退出并提示驾驶员。
EVT_0396,VH_001,2026-01-03T06:12:00,NOA 退出,阴,高速,82.86,-2.42,0.43,true,false,0.560,none,0.045,7.64,0.093,地图或车道融合置信不足,NOA 功能退出,NOA 场景中地图与感知融合置信不足，系统请求退出并提示驾驶员。
EVT_0397,VH_002,2026-01-03T06:19:00,NOA 退出,阴,高速,97.43,-1.41,5.29,false,false,0.664,none,0.080,9.55,-0.230,地图或车道融合置信不足,NOA 功能退出,NOA 场景中地图与感知融合置信不足，系统请求退出并提示驾驶员。
EVT_0398,VH_003,2026-01-03T06:26:00,NOA 退出,阴,高速,112.00,-3.36,-4.14,false,false,0.462,none,0.012,5.85,-0.064,地图或车道融合置信不足,NOA 功能退出,NOA 场景中地图与感知融合置信不足，系统请求退出并提示驾驶员。
EVT_0399,VH_004,2026-01-03T06:33:00,NOA 退出,阴,高速,83.71,-2.36,0.71,true,false,0.566,none,0.047,7.76,0.103,地图或车道融合置信不足,NOA 功能退出,NOA 场景中地图与感知融合置信不足，系统请求退出并提示驾驶员。
EVT_0400,VH_005,2026-01-03T06:40:00,NOA 退出,阴,高速,98.29,-1.35,5.57,false,false,0.670,none,0.082,9.66,-0.220,地图或车道融合置信不足,NOA 功能退出,NOA 场景中地图与感知融合置信不足，系统请求退出并提示驾驶员。
EVT_0401,VH_006,2026-01-03T06:47:00,驾驶员接管,晴,城市道路,25.00,-4.07,-12.12,true,false,0.571,vehicle,0.551,2.06,-0.112,场景复杂度升高,驾驶员主动接管,复杂交通参与者交互下驾驶员主动接管，自动驾驶控制退出。
EVT_0402,VH_007,2026-01-03T06:54:00,驾驶员接管,晴,城市道路,44.78,-2.61,3.14,true,false,0.693,vehicle,0.676,3.45,0.235,场景复杂度升高,驾驶员主动接管,复杂交通参与者交互下驾驶员主动接管，自动驾驶控制退出。
EVT_0403,VH_008,2026-01-03T07:01:00,驾驶员接管,晴,城市道路,64.55,-1.16,18.41,true,false,0.814,vehicle,0.801,4.84,-0.439,场景复杂度升高,驾驶员主动接管,复杂交通参与者交互下驾驶员主动接管，自动驾驶控制退出。
EVT_0404,VH_009,2026-01-03T07:08:00,驾驶员接管,晴,城市道路,26.16,-3.99,-11.22,true,false,0.579,vehicle,0.559,2.14,-0.092,场景复杂度升高,驾驶员主动接管,复杂交通参与者交互下驾驶员主动接管，自动驾驶控制退出。
EVT_0405,VH_010,2026-01-03T07:15:00,驾驶员接管,晴,城市道路,45.94,-2.53,4.04,true,false,0.700,vehicle,0.684,3.53,0.255,场景复杂度升高,驾驶员主动接管,复杂交通参与者交互下驾驶员主动接管，自动驾驶控制退出。
EVT_0406,VH_011,2026-01-03T07:22:00,驾驶员接管,晴,城市道路,65.71,-1.07,19.31,true,false,0.821,vehicle,0.809,4.92,-0.418,场景复杂度升高,驾驶员主动接管,复杂交通参与者交互下驾驶员主动接管，自动驾驶控制退出。
EVT_0407,VH_012,2026-01-03T07:29:00,驾驶员接管,晴,城市道路,27.33,-3.90,-10.33,true,false,0.586,vehicle,0.566,2.22,-0.071,场景复杂度升高,驾驶员主动接管,复杂交通参与者交互下驾驶员主动接管，自动驾驶控制退出。
EVT_0408,VH_013,2026-01-03T07:36:00,驾驶员接管,晴,城市道路,47.10,-2.44,4.94,true,false,0.707,vehicle,0.691,3.61,0.276,场景复杂度升高,驾驶员主动接管,复杂交通参与者交互下驾驶员主动接管，自动驾驶控制退出。
EVT_0409,VH_014,2026-01-03T07:43:00,驾驶员接管,晴,城市道路,66.88,-0.99,20.20,true,false,0.829,vehicle,0.816,5.00,-0.398,场景复杂度升高,驾驶员主动接管,复杂交通参与者交互下驾驶员主动接管，自动驾驶控制退出。
EVT_0410,VH_015,2026-01-03T07:50:00,驾驶员接管,晴,城市道路,28.49,-3.81,-9.43,true,false,0.593,vehicle,0.573,2.31,-0.051,场景复杂度升高,驾驶员主动接管,复杂交通参与者交互下驾驶员主动接管，自动驾驶控制退出。
EVT_0411,VH_016,2026-01-03T07:57:00,驾驶员接管,晴,城市道路,48.27,-2.36,5.84,true,false,0.714,vehicle,0.698,3.69,0.296,场景复杂度升高,驾驶员主动接管,复杂交通参与者交互下驾驶员主动接管，自动驾驶控制退出。
EVT_0412,VH_017,2026-01-03T08:04:00,驾驶员接管,晴,城市道路,68.04,-0.90,21.10,true,false,0.836,vehicle,0.823,1.00,-0.378,场景复杂度升高,驾驶员主动接管,复杂交通参与者交互下驾驶员主动接管，自动驾驶控制退出。
EVT_0413,VH_018,2026-01-03T08:11:00,驾驶员接管,晴,城市道路,29.65,-3.73,-8.53,true,false,0.600,vehicle,0.581,2.39,-0.031,场景复杂度升高,驾驶员主动接管,复杂交通参与者交互下驾驶员主动接管，自动驾驶控制退出。
EVT_0414,VH_019,2026-01-03T08:18:00,驾驶员接管,晴,城市道路,49.43,-2.27,6.73,true,false,0.721,vehicle,0.706,3.78,0.316,场景复杂度升高,驾驶员主动接管,复杂交通参与者交互下驾驶员主动接管，自动驾驶控制退出。
EVT_0415,VH_020,2026-01-03T08:25:00,驾驶员接管,晴,城市道路,69.20,-0.81,22.00,true,false,0.843,vehicle,0.831,1.08,-0.357,场景复杂度升高,驾驶员主动接管,复杂交通参与者交互下驾驶员主动接管，自动驾驶控制退出。
EVT_0416,VH_021,2026-01-03T08:32:00,驾驶员接管,晴,城市道路,30.82,-3.64,-7.63,true,false,0.607,vehicle,0.588,2.47,-0.010,场景复杂度升高,驾驶员主动接管,复杂交通参与者交互下驾驶员主动接管，自动驾驶控制退出。
EVT_0417,VH_022,2026-01-03T08:39:00,驾驶员接管,晴,城市道路,50.59,-2.19,7.63,true,false,0.729,vehicle,0.713,3.86,0.337,场景复杂度升高,驾驶员主动接管,复杂交通参与者交互下驾驶员主动接管，自动驾驶控制退出。
EVT_0418,VH_023,2026-01-03T08:46:00,驾驶员接管,晴,城市道路,70.37,-0.73,-22.00,true,false,0.850,vehicle,0.838,1.16,-0.337,场景复杂度升高,驾驶员主动接管,复杂交通参与者交互下驾驶员主动接管，自动驾驶控制退出。
EVT_0419,VH_024,2026-01-03T08:53:00,驾驶员接管,晴,城市道路,31.98,-3.56,-6.73,true,false,0.614,vehicle,0.596,2.55,0.010,场景复杂度升高,驾驶员主动接管,复杂交通参与者交互下驾驶员主动接管，自动驾驶控制退出。
EVT_0420,VH_025,2026-01-03T09:00:00,驾驶员接管,晴,城市道路,51.76,-2.10,8.53,true,false,0.736,vehicle,0.720,3.94,0.357,场景复杂度升高,驾驶员主动接管,复杂交通参与者交互下驾驶员主动接管，自动驾驶控制退出。
EVT_0421,VH_026,2026-01-03T09:07:00,驾驶员接管,晴,城市道路,71.53,-0.64,-21.10,true,false,0.857,vehicle,0.845,1.24,-0.316,场景复杂度升高,驾驶员主动接管,复杂交通参与者交互下驾驶员主动接管，自动驾驶控制退出。
EVT_0422,VH_027,2026-01-03T09:14:00,驾驶员接管,晴,城市道路,33.14,-3.47,-5.84,true,false,0.621,vehicle,0.603,2.63,0.031,场景复杂度升高,驾驶员主动接管,复杂交通参与者交互下驾驶员主动接管，自动驾驶控制退出。
EVT_0423,VH_028,2026-01-03T09:21:00,驾驶员接管,晴,城市道路,52.92,-2.01,9.43,true,false,0.743,vehicle,0.728,4.02,0.378,场景复杂度升高,驾驶员主动接管,复杂交通参与者交互下驾驶员主动接管，自动驾驶控制退出。
EVT_0424,VH_029,2026-01-03T09:28:00,驾驶员接管,晴,城市道路,72.69,-0.56,-20.20,true,false,0.864,vehicle,0.853,1.33,-0.296,场景复杂度升高,驾驶员主动接管,复杂交通参与者交互下驾驶员主动接管，自动驾驶控制退出。
EVT_0425,VH_030,2026-01-03T09:35:00,驾驶员接管,晴,城市道路,34.31,-3.39,-4.94,true,false,0.629,vehicle,0.610,2.71,0.051,场景复杂度升高,驾驶员主动接管,复杂交通参与者交互下驾驶员主动接管，自动驾驶控制退出。
EVT_0426,VH_031,2026-01-03T09:42:00,驾驶员接管,晴,城市道路,54.08,-1.93,10.33,true,false,0.750,vehicle,0.735,4.10,0.398,场景复杂度升高,驾驶员主动接管,复杂交通参与者交互下驾驶员主动接管，自动驾驶控制退出。
EVT_0427,VH_032,2026-01-03T09:49:00,驾驶员接管,晴,城市道路,73.86,-0.47,-19.31,true,false,0.871,vehicle,0.860,1.41,-0.276,场景复杂度升高,驾驶员主动接管,复杂交通参与者交互下驾驶员主动接管，自动驾驶控制退出。
EVT_0428,VH_033,2026-01-03T09:56:00,驾驶员接管,晴,城市道路,35.47,-3.30,-4.04,true,false,0.636,vehicle,0.618,2.80,0.071,场景复杂度升高,驾驶员主动接管,复杂交通参与者交互下驾驶员主动接管，自动驾驶控制退出。
EVT_0429,VH_034,2026-01-03T10:03:00,驾驶员接管,晴,城市道路,55.24,-1.84,11.22,true,false,0.757,vehicle,0.742,4.18,0.418,场景复杂度升高,驾驶员主动接管,复杂交通参与者交互下驾驶员主动接管，自动驾驶控制退出。
EVT_0430,VH_035,2026-01-03T10:10:00,驾驶员接管,晴,城市道路,75.02,-0.39,-18.41,true,false,0.879,vehicle,0.500,1.49,-0.255,场景复杂度升高,驾驶员主动接管,复杂交通参与者交互下驾驶员主动接管，自动驾驶控制退出。
EVT_0431,VH_036,2026-01-03T10:17:00,驾驶员接管,晴,城市道路,36.63,-3.21,-3.14,true,false,0.643,vehicle,0.625,2.88,0.092,场景复杂度升高,驾驶员主动接管,复杂交通参与者交互下驾驶员主动接管，自动驾驶控制退出。
EVT_0432,VH_001,2026-01-03T10:24:00,驾驶员接管,晴,城市道路,56.41,-1.76,12.12,true,false,0.764,vehicle,0.750,4.27,0.439,场景复杂度升高,驾驶员主动接管,复杂交通参与者交互下驾驶员主动接管，自动驾驶控制退出。
EVT_0433,VH_002,2026-01-03T10:31:00,驾驶员接管,晴,城市道路,76.18,-0.30,-17.51,true,false,0.886,vehicle,0.507,1.57,-0.235,场景复杂度升高,驾驶员主动接管,复杂交通参与者交互下驾驶员主动接管，自动驾驶控制退出。
EVT_0434,VH_003,2026-01-03T10:38:00,驾驶员接管,晴,城市道路,37.80,-3.13,-2.24,true,false,0.650,vehicle,0.632,2.96,0.112,场景复杂度升高,驾驶员主动接管,复杂交通参与者交互下驾驶员主动接管，自动驾驶控制退出。
EVT_0435,VH_004,2026-01-03T10:45:00,驾驶员接管,晴,城市道路,57.57,-1.67,13.02,true,false,0.771,vehicle,0.757,4.35,0.459,场景复杂度升高,驾驶员主动接管,复杂交通参与者交互下驾驶员主动接管，自动驾驶控制退出。
EVT_0436,VH_005,2026-01-03T10:52:00,驾驶员接管,晴,城市道路,77.35,-4.50,-16.61,true,false,0.893,vehicle,0.515,1.65,-0.214,场景复杂度升高,驾驶员主动接管,复杂交通参与者交互下驾驶员主动接管，自动驾驶控制退出。
EVT_0437,VH_006,2026-01-03T10:59:00,驾驶员接管,晴,城市道路,38.96,-3.04,-1.35,true,false,0.657,vehicle,0.640,3.04,0.133,场景复杂度升高,驾驶员主动接管,复杂交通参与者交互下驾驶员主动接管，自动驾驶控制退出。
EVT_0438,VH_007,2026-01-03T11:06:00,驾驶员接管,晴,城市道路,58.73,-1.59,13.92,true,false,0.779,vehicle,0.764,4.43,0.480,场景复杂度升高,驾驶员主动接管,复杂交通参与者交互下驾驶员主动接管，自动驾驶控制退出。
EVT_0439,VH_008,2026-01-03T11:13:00,驾驶员接管,晴,城市道路,78.51,-4.41,-15.71,true,false,0.900,vehicle,0.522,1.73,-0.194,场景复杂度升高,驾驶员主动接管,复杂交通参与者交互下驾驶员主动接管，自动驾驶控制退出。
EVT_0440,VH_009,2026-01-03T11:20:00,驾驶员接管,晴,城市道路,40.12,-2.96,-0.45,true,false,0.664,vehicle,0.647,3.12,0.153,场景复杂度升高,驾驶员主动接管,复杂交通参与者交互下驾驶员主动接管，自动驾驶控制退出。
EVT_0441,VH_010,2026-01-03T11:27:00,驾驶员接管,晴,城市道路,59.90,-1.50,14.82,true,false,0.786,vehicle,0.772,4.51,0.500,场景复杂度升高,驾驶员主动接管,复杂交通参与者交互下驾驶员主动接管，自动驾驶控制退出。
EVT_0442,VH_011,2026-01-03T11:34:00,驾驶员接管,晴,城市道路,79.67,-4.33,-14.82,true,false,0.550,vehicle,0.529,1.82,-0.173,场景复杂度升高,驾驶员主动接管,复杂交通参与者交互下驾驶员主动接管，自动驾驶控制退出。
EVT_0443,VH_012,2026-01-03T11:41:00,驾驶员接管,晴,城市道路,41.29,-2.87,0.45,true,false,0.671,vehicle,0.654,3.20,0.173,场景复杂度升高,驾驶员主动接管,复杂交通参与者交互下驾驶员主动接管，自动驾驶控制退出。
EVT_0444,VH_013,2026-01-03T11:48:00,驾驶员接管,晴,城市道路,61.06,-1.41,15.71,true,false,0.793,vehicle,0.779,4.59,-0.500,场景复杂度升高,驾驶员主动接管,复杂交通参与者交互下驾驶员主动接管，自动驾驶控制退出。
EVT_0445,VH_014,2026-01-03T11:55:00,驾驶员接管,晴,城市道路,80.84,-4.24,-13.92,true,false,0.557,vehicle,0.537,1.90,-0.153,场景复杂度升高,驾驶员主动接管,复杂交通参与者交互下驾驶员主动接管，自动驾驶控制退出。
EVT_0446,VH_015,2026-01-03T12:02:00,驾驶员接管,晴,城市道路,42.45,-2.79,1.35,true,false,0.679,vehicle,0.662,3.29,0.194,场景复杂度升高,驾驶员主动接管,复杂交通参与者交互下驾驶员主动接管，自动驾驶控制退出。
EVT_0447,VH_016,2026-01-03T12:09:00,驾驶员接管,晴,城市道路,62.22,-1.33,16.61,true,false,0.800,vehicle,0.787,4.67,-0.480,场景复杂度升高,驾驶员主动接管,复杂交通参与者交互下驾驶员主动接管，自动驾驶控制退出。
EVT_0448,VH_017,2026-01-03T12:16:00,驾驶员接管,晴,城市道路,82.00,-4.16,-13.02,true,false,0.564,vehicle,0.544,1.98,-0.133,场景复杂度升高,驾驶员主动接管,复杂交通参与者交互下驾驶员主动接管，自动驾驶控制退出。
EVT_0449,VH_018,2026-01-03T12:23:00,驾驶员接管,晴,城市道路,43.61,-2.70,2.24,true,false,0.686,vehicle,0.669,3.37,0.214,场景复杂度升高,驾驶员主动接管,复杂交通参与者交互下驾驶员主动接管，自动驾驶控制退出。
EVT_0450,VH_019,2026-01-03T12:30:00,驾驶员接管,晴,城市道路,63.39,-1.24,17.51,true,false,0.807,vehicle,0.794,4.76,-0.459,场景复杂度升高,驾驶员主动接管,复杂交通参与者交互下驾驶员主动接管，自动驾驶控制退出。
EVT_0451,VH_020,2026-01-03T12:37:00,AEB 误触发,晴,城市道路,20.00,-6.21,-3.31,true,true,0.763,static_object,0.289,0.84,-0.036,静态目标误关联,AEB 误触发制动,静态目标与可行驶区域发生误关联，AEB 出现疑似误触发。
EVT_0452,VH_021,2026-01-03T12:44:00,AEB 误触发,晴,城市道路,35.27,-4.89,0.86,false,true,0.836,static_object,0.407,1.30,0.075,静态目标误关联,AEB 误触发制动,静态目标与可行驶区域发生误关联，AEB 出现疑似误触发。
EVT_0453,VH_022,2026-01-03T12:51:00,AEB 误触发,晴,城市道路,50.53,-3.58,5.02,false,true,0.909,static_object,0.524,1.75,-0.140,静态目标误关联,AEB 误触发制动,静态目标与可行驶区域发生误关联，AEB 出现疑似误触发。
EVT_0454,VH_023,2026-01-03T12:58:00,AEB 误触发,晴,城市道路,20.90,-6.13,-3.06,false,true,0.767,static_object,0.296,0.87,-0.029,静态目标误关联,AEB 误触发制动,静态目标与可行驶区域发生误关联，AEB 出现疑似误触发。
EVT_0455,VH_024,2026-01-03T13:05:00,AEB 误触发,晴,城市道路,36.16,-4.82,1.10,false,true,0.840,static_object,0.413,1.32,0.082,静态目标误关联,AEB 误触发制动,静态目标与可行驶区域发生误关联，AEB 出现疑似误触发。
EVT_0456,VH_025,2026-01-03T13:12:00,AEB 误触发,晴,城市道路,51.43,-3.50,5.27,true,true,0.913,static_object,0.531,1.77,-0.134,静态目标误关联,AEB 误触发制动,静态目标与可行驶区域发生误关联，AEB 出现疑似误触发。
EVT_0457,VH_026,2026-01-03T13:19:00,AEB 误触发,晴,城市道路,21.80,-6.06,-2.82,false,true,0.771,static_object,0.302,0.90,-0.023,静态目标误关联,AEB 误触发制动,静态目标与可行驶区域发生误关联，AEB 出现疑似误触发。
EVT_0458,VH_027,2026-01-03T13:26:00,AEB 误触发,晴,城市道路,37.06,-4.74,1.35,false,true,0.844,static_object,0.420,1.35,0.088,静态目标误关联,AEB 误触发制动,静态目标与可行驶区域发生误关联，AEB 出现疑似误触发。
EVT_0459,VH_028,2026-01-03T13:33:00,AEB 误触发,晴,城市道路,52.33,-3.42,5.51,false,true,0.917,static_object,0.538,1.80,-0.127,静态目标误关联,AEB 误触发制动,静态目标与可行驶区域发生误关联，AEB 出现疑似误触发。
EVT_0460,VH_029,2026-01-03T13:40:00,AEB 误触发,晴,城市道路,22.69,-5.98,-2.57,false,true,0.776,static_object,0.309,0.92,-0.016,静态目标误关联,AEB 误触发制动,静态目标与可行驶区域发生误关联，AEB 出现疑似误触发。
EVT_0461,VH_030,2026-01-03T13:47:00,AEB 误触发,晴,城市道路,37.96,-4.66,1.59,true,true,0.849,static_object,0.427,1.38,0.095,静态目标误关联,AEB 误触发制动,静态目标与可行驶区域发生误关联，AEB 出现疑似误触发。
EVT_0462,VH_031,2026-01-03T13:54:00,AEB 误触发,晴,城市道路,53.22,-3.34,5.76,false,true,0.921,static_object,0.545,0.50,-0.121,静态目标误关联,AEB 误触发制动,静态目标与可行驶区域发生误关联，AEB 出现疑似误触发。
EVT_0463,VH_032,2026-01-03T14:01:00,AEB 误触发,晴,城市道路,23.59,-5.90,-2.33,false,true,0.780,static_object,0.316,0.95,-0.010,静态目标误关联,AEB 误触发制动,静态目标与可行驶区域发生误关联，AEB 出现疑似误触发。
EVT_0464,VH_033,2026-01-03T14:08:00,AEB 误触发,晴,城市道路,38.86,-4.58,1.84,false,true,0.853,static_object,0.434,1.40,0.101,静态目标误关联,AEB 误触发制动,静态目标与可行驶区域发生误关联，AEB 出现疑似误触发。
EVT_0465,VH_034,2026-01-03T14:15:00,AEB 误触发,晴,城市道路,54.12,-3.27,6.00,false,true,0.926,static_object,0.552,0.53,-0.114,静态目标误关联,AEB 误触发制动,静态目标与可行驶区域发生误关联，AEB 出现疑似误触发。
EVT_0466,VH_035,2026-01-03T14:22:00,AEB 误触发,晴,城市道路,24.49,-5.82,-2.08,true,true,0.784,static_object,0.323,0.98,-0.003,静态目标误关联,AEB 误触发制动,静态目标与可行驶区域发生误关联，AEB 出现疑似误触发。
EVT_0467,VH_036,2026-01-03T14:29:00,AEB 误触发,晴,城市道路,39.76,-4.51,2.08,false,true,0.857,static_object,0.441,1.43,0.108,静态目标误关联,AEB 误触发制动,静态目标与可行驶区域发生误关联，AEB 出现疑似误触发。
EVT_0468,VH_001,2026-01-03T14:36:00,AEB 误触发,晴,城市道路,55.02,-3.19,-6.00,false,true,0.930,static_object,0.559,0.55,-0.108,静态目标误关联,AEB 误触发制动,静态目标与可行驶区域发生误关联，AEB 出现疑似误触发。
EVT_0469,VH_002,2026-01-03T14:43:00,AEB 误触发,晴,城市道路,25.39,-5.75,-1.84,false,true,0.789,static_object,0.330,1.00,0.003,静态目标误关联,AEB 误触发制动,静态目标与可行驶区域发生误关联，AEB 出现疑似误触发。
EVT_0470,VH_003,2026-01-03T14:50:00,AEB 误触发,晴,城市道路,40.65,-4.43,2.33,false,true,0.861,static_object,0.448,1.46,0.114,静态目标误关联,AEB 误触发制动,静态目标与可行驶区域发生误关联，AEB 出现疑似误触发。
EVT_0471,VH_004,2026-01-03T14:57:00,AEB 误触发,晴,城市道路,55.92,-3.11,-5.76,true,true,0.934,static_object,0.566,0.58,-0.101,静态目标误关联,AEB 误触发制动,静态目标与可行驶区域发生误关联，AEB 出现疑似误触发。
EVT_0472,VH_005,2026-01-03T15:04:00,AEB 误触发,晴,城市道路,26.29,-5.67,-1.59,false,true,0.793,static_object,0.337,1.03,0.010,静态目标误关联,AEB 误触发制动,静态目标与可行驶区域发生误关联，AEB 出现疑似误触发。
EVT_0473,VH_006,2026-01-03T15:11:00,AEB 误触发,晴,城市道路,41.55,-4.35,2.57,false,true,0.866,static_object,0.455,1.48,0.121,静态目标误关联,AEB 误触发制动,静态目标与可行驶区域发生误关联，AEB 出现疑似误触发。
EVT_0474,VH_007,2026-01-03T15:18:00,AEB 误触发,晴,城市道路,56.82,-3.03,-5.51,false,true,0.939,static_object,0.573,0.61,-0.095,静态目标误关联,AEB 误触发制动,静态目标与可行驶区域发生误关联，AEB 出现疑似误触发。
EVT_0475,VH_008,2026-01-03T15:25:00,AEB 误触发,晴,城市道路,27.18,-5.59,-1.35,false,true,0.797,static_object,0.344,1.06,0.016,静态目标误关联,AEB 误触发制动,静态目标与可行驶区域发生误关联，AEB 出现疑似误触发。
EVT_0476,VH_009,2026-01-03T15:32:00,AEB 误触发,晴,城市道路,42.45,-4.27,2.82,true,true,0.870,static_object,0.462,1.51,0.127,静态目标误关联,AEB 误触发制动,静态目标与可行驶区域发生误关联，AEB 出现疑似误触发。
EVT_0477,VH_010,2026-01-03T15:39:00,AEB 误触发,晴,城市道路,57.71,-2.96,-5.27,false,true,0.943,static_object,0.580,0.63,-0.088,静态目标误关联,AEB 误触发制动,静态目标与可行驶区域发生误关联，AEB 出现疑似误触发。
EVT_0478,VH_011,2026-01-03T15:46:00,AEB 误触发,晴,城市道路,28.08,-5.51,-1.10,false,true,0.801,static_object,0.351,1.08,0.023,静态目标误关联,AEB 误触发制动,静态目标与可行驶区域发生误关联，AEB 出现疑似误触发。
EVT_0479,VH_012,2026-01-03T15:53:00,AEB 误触发,晴,城市道路,43.35,-4.20,3.06,false,true,0.874,static_object,0.469,1.53,0.134,静态目标误关联,AEB 误触发制动,静态目标与可行驶区域发生误关联，AEB 出现疑似误触发。
EVT_0480,VH_013,2026-01-03T16:00:00,AEB 误触发,晴,城市道路,58.61,-2.88,-5.02,false,true,0.947,static_object,0.240,0.66,-0.082,静态目标误关联,AEB 误触发制动,静态目标与可行驶区域发生误关联，AEB 出现疑似误触发。
EVT_0481,VH_014,2026-01-03T16:07:00,AEB 误触发,晴,城市道路,28.98,-5.44,-0.86,true,true,0.806,static_object,0.358,1.11,0.029,静态目标误关联,AEB 误触发制动,静态目标与可行驶区域发生误关联，AEB 出现疑似误触发。
EVT_0482,VH_015,2026-01-03T16:14:00,AEB 误触发,晴,城市道路,44.24,-4.12,3.31,false,true,0.879,static_object,0.476,1.56,0.140,静态目标误关联,AEB 误触发制动,静态目标与可行驶区域发生误关联，AEB 出现疑似误触发。
EVT_0483,VH_016,2026-01-03T16:21:00,AEB 误触发,晴,城市道路,59.51,-2.80,-4.78,false,true,0.951,static_object,0.247,0.69,-0.075,静态目标误关联,AEB 误触发制动,静态目标与可行驶区域发生误关联，AEB 出现疑似误触发。
EVT_0484,VH_017,2026-01-03T16:28:00,AEB 误触发,晴,城市道路,29.88,-5.36,-0.61,false,true,0.810,static_object,0.365,1.14,0.036,静态目标误关联,AEB 误触发制动,静态目标与可行驶区域发生误关联，AEB 出现疑似误触发。
EVT_0485,VH_018,2026-01-03T16:35:00,AEB 误触发,晴,城市道路,45.14,-4.04,3.55,false,true,0.883,static_object,0.483,1.59,0.147,静态目标误关联,AEB 误触发制动,静态目标与可行驶区域发生误关联，AEB 出现疑似误触发。
EVT_0486,VH_019,2026-01-03T16:42:00,AEB 误触发,晴,城市道路,60.41,-6.60,-4.53,true,true,0.956,static_object,0.254,0.71,-0.069,静态目标误关联,AEB 误触发制动,静态目标与可行驶区域发生误关联，AEB 出现疑似误触发。
EVT_0487,VH_020,2026-01-03T16:49:00,AEB 误触发,晴,城市道路,30.78,-5.28,-0.37,false,true,0.814,static_object,0.372,1.16,0.042,静态目标误关联,AEB 误触发制动,静态目标与可行驶区域发生误关联，AEB 出现疑似误触发。
EVT_0488,VH_021,2026-01-03T16:56:00,AEB 误触发,晴,城市道路,46.04,-3.96,3.80,false,true,0.887,static_object,0.490,1.61,0.153,静态目标误关联,AEB 误触发制动,静态目标与可行驶区域发生误关联，AEB 出现疑似误触发。
EVT_0489,VH_022,2026-01-03T17:03:00,AEB 误触发,晴,城市道路,61.31,-6.52,-4.29,false,true,0.960,static_object,0.261,0.74,-0.062,静态目标误关联,AEB 误触发制动,静态目标与可行驶区域发生误关联，AEB 出现疑似误触发。
EVT_0490,VH_023,2026-01-03T17:10:00,AEB 误触发,晴,城市道路,31.67,-5.20,-0.12,false,true,0.819,static_object,0.379,1.19,0.049,静态目标误关联,AEB 误触发制动,静态目标与可行驶区域发生误关联，AEB 出现疑似误触发。
EVT_0491,VH_024,2026-01-03T17:17:00,AEB 误触发,晴,城市道路,46.94,-3.89,4.04,true,true,0.891,static_object,0.497,1.64,0.160,静态目标误关联,AEB 误触发制动,静态目标与可行驶区域发生误关联，AEB 出现疑似误触发。
EVT_0492,VH_025,2026-01-03T17:24:00,AEB 误触发,晴,城市道路,62.20,-6.44,-4.04,false,true,0.750,static_object,0.268,0.77,-0.056,静态目标误关联,AEB 误触发制动,静态目标与可行驶区域发生误关联，AEB 出现疑似误触发。
EVT_0493,VH_026,2026-01-03T17:31:00,AEB 误触发,晴,城市道路,32.57,-5.13,0.12,false,true,0.823,static_object,0.386,1.22,0.056,静态目标误关联,AEB 误触发制动,静态目标与可行驶区域发生误关联，AEB 出现疑似误触发。
EVT_0494,VH_027,2026-01-03T17:38:00,AEB 误触发,晴,城市道路,47.84,-3.81,4.29,false,true,0.896,static_object,0.504,1.67,-0.160,静态目标误关联,AEB 误触发制动,静态目标与可行驶区域发生误关联，AEB 出现疑似误触发。
EVT_0495,VH_028,2026-01-03T17:45:00,AEB 误触发,晴,城市道路,63.10,-6.37,-3.80,false,true,0.754,static_object,0.275,0.79,-0.049,静态目标误关联,AEB 误触发制动,静态目标与可行驶区域发生误关联，AEB 出现疑似误触发。
EVT_0496,VH_029,2026-01-03T17:52:00,AEB 误触发,晴,城市道路,33.47,-5.05,0.37,true,true,0.827,static_object,0.393,1.24,0.062,静态目标误关联,AEB 误触发制动,静态目标与可行驶区域发生误关联，AEB 出现疑似误触发。
EVT_0497,VH_030,2026-01-03T17:59:00,AEB 误触发,晴,城市道路,48.73,-3.73,4.53,false,true,0.900,static_object,0.511,1.69,-0.153,静态目标误关联,AEB 误触发制动,静态目标与可行驶区域发生误关联，AEB 出现疑似误触发。
EVT_0498,VH_031,2026-01-03T18:06:00,AEB 误触发,晴,城市道路,64.00,-6.29,-3.55,false,true,0.759,static_object,0.282,0.82,-0.042,静态目标误关联,AEB 误触发制动,静态目标与可行驶区域发生误关联，AEB 出现疑似误触发。
EVT_0499,VH_032,2026-01-03T18:13:00,AEB 误触发,晴,城市道路,34.37,-4.97,0.61,false,true,0.831,static_object,0.400,1.27,0.069,静态目标误关联,AEB 误触发制动,静态目标与可行驶区域发生误关联，AEB 出现疑似误触发。
EVT_0500,VH_033,2026-01-03T18:20:00,AEB 误触发,晴,城市道路,49.63,-3.65,4.78,false,true,0.904,static_object,0.518,1.72,-0.147,静态目标误关联,AEB 误触发制动,静态目标与可行驶区域发生误关联，AEB 出现疑似误触发。
